rank,name,year,link
1,The Shawshank Redemption ,1994,https://www.imdb.com/title/tt0111161/?pf_rd_m=A2FGELUUNOQJNL&pf_rd_p=9e00d0ab-4911-4b4c-b1a9-327ce2349814&pf_rd_r=Y5F44E2PPEEHCKM0Y63A&pf_rd_s=center-2&pf_rd_t=15506&pf_rd_i=topenglish&ref_=chttentp_tt_1
2,The Godfather ,1972,https://www.imdb.com/title/tt0068646/?pf_rd_m=A2FGELUUNOQJNL&pf_rd_p=9e00d0ab-4911-4b4c-b1a9-327ce2349814&pf_rd_r=Y5F44E2PPEEHCKM0Y63A&pf_rd_s=center-2&pf_rd_t=15506&pf_rd_i=topenglish&ref_=chttentp_tt_2
3,The Godfather: Part II ,1974,https://www.imdb.com/title/tt0071562/?pf_rd_m=A2FGELUUNOQJNL&pf_rd_p=9e00d0ab-4911-4b4c-b1a9-327ce2349814&pf_rd_r=Y5F44E2PPEEHCKM0Y63A&pf_rd_s=center-2&pf_rd_t=15506&pf_rd_i=topenglish&ref_=chttentp_tt_3
4,The Dark Knight ,2008,https://www.imdb.com/title/tt0468569/?pf_rd_m=A2FGELUUNOQJNL&pf_rd_p=9e00d0ab-4911-4b4c-b1a9-327ce2349814&pf_rd_r=Y5F44E2PPEEHCKM0Y63A&pf_rd_s=center-2&pf_rd_t=15506&pf_rd_i=topenglish&ref_=chttentp_tt_4
5,12 Angry Men ,1957,https://www.imdb.com/title/tt0050083/?pf_rd_m=A2FGELUUNOQJNL&pf_rd_p=9e00d0ab-4911-4b4c-b1a9-327ce2349814&pf_rd_r=Y5F44E2PPEEHCKM0Y63A&pf_rd_s=center-2&pf_rd_t=15506&pf_rd_i=topenglish&ref_=chttentp_tt_5
6,Schindler's List ,1993,https://www.imdb.com/title/tt0108052/?pf_rd_m=A2FGELUUNOQJNL&pf_rd_p=9e00d0ab-4911-4b4c-b1a9-327ce2349814&pf_rd_r=Y5F44E2PPEEHCKM0Y63A&pf_rd_s=center-2&pf_rd_t=15506&pf_rd_i=topenglish&ref_=chttentp_tt_6
7,The Lord of the Rings: The Return of the King ,2003,https://www.imdb.com/title/tt0167260/?pf_rd_m=A2FGELUUNOQJNL&pf_rd_p=9e00d0ab-4911-4b4c-b1a9-327ce2349814&pf_rd_r=Y5F44E2PPEEHCKM0Y63A&pf_rd_s=center-2&pf_rd_t=15506&pf_rd_i=topenglish&ref_=chttentp_tt_7
8,Pulp Fiction ,1994,https://www.imdb.com/title/tt0110912/?pf_rd_m=A2FGELUUNOQJNL&pf_rd_p=9e00d0ab-4911-4b4c-b1a9-327ce2349814&pf_rd_r=Y5F44E2PPEEHCKM0Y63A&pf_rd_s=center-2&pf_rd_t=15506&pf_rd_i=topenglish&ref_=chttentp_tt_8
9,The Lord of the Rings: The Fellowship of the Ring ,2001,https://www.imdb.com/title/tt0120737/?pf_rd_m=A2FGELUUNOQJNL&pf_rd_p=9e00d0ab-4911-4b4c-b1a9-327ce2349814&pf_rd_r=Y5F44E2PPEEHCKM0Y63A&pf_rd_s=center-2&pf_rd_t=15506&pf_rd_i=topenglish&ref_=chttentp_tt_9
10,Fight Club ,1999,https://www.imdb.com/title/tt0137523/?pf_rd_m=A2FGELUUNOQJNL&pf_rd_p=9e00d0ab-4911-4b4c-b1a9-327ce2349814&pf_rd_r=Y5F44E2PPEEHCKM0Y63A&pf_rd_s=center-2&pf_rd_t=15506&pf_rd_i=topenglish&ref_=chttentp_tt_10
11,Forrest Gump ,1994,https://www.imdb.com/title/tt0109830/?pf_rd_m=A2FGELUUNOQJNL&pf_rd_p=9e00d0ab-4911-4b4c-b1a9-327ce2349814&pf_rd_r=Y5F44E2PPEEHCKM0Y63A&pf_rd_s=center-2&pf_rd_t=15506&pf_rd_i=topenglish&ref_=chttentp_tt_11
12,Inception ,2010,https://www.imdb.com/title/tt1375666/?pf_rd_m=A2FGELUUNOQJNL&pf_rd_p=9e00d0ab-4911-4b4c-b1a9-327ce2349814&pf_rd_r=Y5F44E2PPEEHCKM0Y63A&pf_rd_s=center-2&pf_rd_t=15506&pf_rd_i=topenglish&ref_=chttentp_tt_12
13,The Lord of the Rings: The Two Towers ,2002,https://www.imdb.com/title/tt0167261/?pf_rd_m=A2FGELUUNOQJNL&pf_rd_p=9e00d0ab-4911-4b4c-b1a9-327ce2349814&pf_rd_r=Y5F44E2PPEEHCKM0Y63A&pf_rd_s=center-2&pf_rd_t=15506&pf_rd_i=topenglish&ref_=chttentp_tt_13
14,Star Wars: Episode V - The Empire Strikes Back ,1980,https://www.imdb.com/title/tt0080684/?pf_rd_m=A2FGELUUNOQJNL&pf_rd_p=9e00d0ab-4911-4b4c-b1a9-327ce2349814&pf_rd_r=Y5F44E2PPEEHCKM0Y63A&pf_rd_s=center-2&pf_rd_t=15506&pf_rd_i=topenglish&ref_=chttentp_tt_14
15,The Matrix ,1999,https://www.imdb.com/title/tt0133093/?pf_rd_m=A2FGELUUNOQJNL&pf_rd_p=9e00d0ab-4911-4b4c-b1a9-327ce2349814&pf_rd_r=Y5F44E2PPEEHCKM0Y63A&pf_rd_s=center-2&pf_rd_t=15506&pf_rd_i=topenglish&ref_=chttentp_tt_15
16,Goodfellas ,1990,https://www.imdb.com/title/tt0099685/?pf_rd_m=A2FGELUUNOQJNL&pf_rd_p=9e00d0ab-4911-4b4c-b1a9-327ce2349814&pf_rd_r=Y5F44E2PPEEHCKM0Y63A&pf_rd_s=center-2&pf_rd_t=15506&pf_rd_i=topenglish&ref_=chttentp_tt_16
17,One Flew Over the Cuckoo's Nest ,1975,https://www.imdb.com/title/tt0073486/?pf_rd_m=A2FGELUUNOQJNL&pf_rd_p=9e00d0ab-4911-4b4c-b1a9-327ce2349814&pf_rd_r=Y5F44E2PPEEHCKM0Y63A&pf_rd_s=center-2&pf_rd_t=15506&pf_rd_i=topenglish&ref_=chttentp_tt_17
18,Hamilton ,2020,https://www.imdb.com/title/tt8503618/?pf_rd_m=A2FGELUUNOQJNL&pf_rd_p=9e00d0ab-4911-4b4c-b1a9-327ce2349814&pf_rd_r=Y5F44E2PPEEHCKM0Y63A&pf_rd_s=center-2&pf_rd_t=15506&pf_rd_i=topenglish&ref_=chttentp_tt_18
19,Se7en ,1995,https://www.imdb.com/title/tt0114369/?pf_rd_m=A2FGELUUNOQJNL&pf_rd_p=9e00d0ab-4911-4b4c-b1a9-327ce2349814&pf_rd_r=Y5F44E2PPEEHCKM0Y63A&pf_rd_s=center-2&pf_rd_t=15506&pf_rd_i=topenglish&ref_=chttentp_tt_19
20,It's a Wonderful Life ,1946,https://www.imdb.com/title/tt0038650/?pf_rd_m=A2FGELUUNOQJNL&pf_rd_p=9e00d0ab-4911-4b4c-b1a9-327ce2349814&pf_rd_r=Y5F44E2PPEEHCKM0Y63A&pf_rd_s=center-2&pf_rd_t=15506&pf_rd_i=topenglish&ref_=chttentp_tt_20
21,The Silence of the Lambs ,1991,https://www.imdb.com/title/tt0102926/?pf_rd_m=A2FGELUUNOQJNL&pf_rd_p=9e00d0ab-4911-4b4c-b1a9-327ce2349814&pf_rd_r=Y5F44E2PPEEHCKM0Y63A&pf_rd_s=center-2&pf_rd_t=15506&pf_rd_i=topenglish&ref_=chttentp_tt_21
22,Star Wars: Episode IV - A New Hope ,1977,https://www.imdb.com/title/tt0076759/?pf_rd_m=A2FGELUUNOQJNL&pf_rd_p=9e00d0ab-4911-4b4c-b1a9-327ce2349814&pf_rd_r=Y5F44E2PPEEHCKM0Y63A&pf_rd_s=center-2&pf_rd_t=15506&pf_rd_i=topenglish&ref_=chttentp_tt_22
23,Saving Private Ryan ,1998,https://www.imdb.com/title/tt0120815/?pf_rd_m=A2FGELUUNOQJNL&pf_rd_p=9e00d0ab-4911-4b4c-b1a9-327ce2349814&pf_rd_r=Y5F44E2PPEEHCKM0Y63A&pf_rd_s=center-2&pf_rd_t=15506&pf_rd_i=topenglish&ref_=chttentp_tt_23
24,Interstellar ,2014,https://www.imdb.com/title/tt0816692/?pf_rd_m=A2FGELUUNOQJNL&pf_rd_p=9e00d0ab-4911-4b4c-b1a9-327ce2349814&pf_rd_r=Y5F44E2PPEEHCKM0Y63A&pf_rd_s=center-2&pf_rd_t=15506&pf_rd_i=topenglish&ref_=chttentp_tt_24
25,The Green Mile ,1999,https://www.imdb.com/title/tt0120689/?pf_rd_m=A2FGELUUNOQJNL&pf_rd_p=9e00d0ab-4911-4b4c-b1a9-327ce2349814&pf_rd_r=Y5F44E2PPEEHCKM0Y63A&pf_rd_s=center-2&pf_rd_t=15506&pf_rd_i=topenglish&ref_=chttentp_tt_25
26,Léon: The Professional ,1994,https://www.imdb.com/title/tt0110413/?pf_rd_m=A2FGELUUNOQJNL&pf_rd_p=9e00d0ab-4911-4b4c-b1a9-327ce2349814&pf_rd_r=Y5F44E2PPEEHCKM0Y63A&pf_rd_s=center-2&pf_rd_t=15506&pf_rd_i=topenglish&ref_=chttentp_tt_26
27,The Usual Suspects ,1995,https://www.imdb.com/title/tt0114814/?pf_rd_m=A2FGELUUNOQJNL&pf_rd_p=9e00d0ab-4911-4b4c-b1a9-327ce2349814&pf_rd_r=Y5F44E2PPEEHCKM0Y63A&pf_rd_s=center-2&pf_rd_t=15506&pf_rd_i=topenglish&ref_=chttentp_tt_27
28,Modern Times ,1936,https://www.imdb.com/title/tt0027977/?pf_rd_m=A2FGELUUNOQJNL&pf_rd_p=9e00d0ab-4911-4b4c-b1a9-327ce2349814&pf_rd_r=Y5F44E2PPEEHCKM0Y63A&pf_rd_s=center-2&pf_rd_t=15506&pf_rd_i=topenglish&ref_=chttentp_tt_28
29,The Lion King ,1994,https://www.imdb.com/title/tt0110357/?pf_rd_m=A2FGELUUNOQJNL&pf_rd_p=9e00d0ab-4911-4b4c-b1a9-327ce2349814&pf_rd_r=Y5F44E2PPEEHCKM0Y63A&pf_rd_s=center-2&pf_rd_t=15506&pf_rd_i=topenglish&ref_=chttentp_tt_29
30,The Pianist ,2002,https://www.imdb.com/title/tt0253474/?pf_rd_m=A2FGELUUNOQJNL&pf_rd_p=9e00d0ab-4911-4b4c-b1a9-327ce2349814&pf_rd_r=Y5F44E2PPEEHCKM0Y63A&pf_rd_s=center-2&pf_rd_t=15506&pf_rd_i=topenglish&ref_=chttentp_tt_30
31,Back to the Future ,1985,https://www.imdb.com/title/tt0088763/?pf_rd_m=A2FGELUUNOQJNL&pf_rd_p=9e00d0ab-4911-4b4c-b1a9-327ce2349814&pf_rd_r=Y5F44E2PPEEHCKM0Y63A&pf_rd_s=center-2&pf_rd_t=15506&pf_rd_i=topenglish&ref_=chttentp_tt_31
32,Terminator 2: Judgment Day ,1991,https://www.imdb.com/title/tt0103064/?pf_rd_m=A2FGELUUNOQJNL&pf_rd_p=9e00d0ab-4911-4b4c-b1a9-327ce2349814&pf_rd_r=Y5F44E2PPEEHCKM0Y63A&pf_rd_s=center-2&pf_rd_t=15506&pf_rd_i=topenglish&ref_=chttentp_tt_32
33,American History X ,1998,https://www.imdb.com/title/tt0120586/?pf_rd_m=A2FGELUUNOQJNL&pf_rd_p=9e00d0ab-4911-4b4c-b1a9-327ce2349814&pf_rd_r=Y5F44E2PPEEHCKM0Y63A&pf_rd_s=center-2&pf_rd_t=15506&pf_rd_i=topenglish&ref_=chttentp_tt_33
34,Gladiator ,2000,https://www.imdb.com/title/tt0172495/?pf_rd_m=A2FGELUUNOQJNL&pf_rd_p=9e00d0ab-4911-4b4c-b1a9-327ce2349814&pf_rd_r=Y5F44E2PPEEHCKM0Y63A&pf_rd_s=center-2&pf_rd_t=15506&pf_rd_i=topenglish&ref_=chttentp_tt_34
35,Psycho ,1960,https://www.imdb.com/title/tt0054215/?pf_rd_m=A2FGELUUNOQJNL&pf_rd_p=9e00d0ab-4911-4b4c-b1a9-327ce2349814&pf_rd_r=Y5F44E2PPEEHCKM0Y63A&pf_rd_s=center-2&pf_rd_t=15506&pf_rd_i=topenglish&ref_=chttentp_tt_35
36,The Departed ,2006,https://www.imdb.com/title/tt0407887/?pf_rd_m=A2FGELUUNOQJNL&pf_rd_p=9e00d0ab-4911-4b4c-b1a9-327ce2349814&pf_rd_r=Y5F44E2PPEEHCKM0Y63A&pf_rd_s=center-2&pf_rd_t=15506&pf_rd_i=topenglish&ref_=chttentp_tt_36
37,Whiplash ,2014,https://www.imdb.com/title/tt2582802/?pf_rd_m=A2FGELUUNOQJNL&pf_rd_p=9e00d0ab-4911-4b4c-b1a9-327ce2349814&pf_rd_r=Y5F44E2PPEEHCKM0Y63A&pf_rd_s=center-2&pf_rd_t=15506&pf_rd_i=topenglish&ref_=chttentp_tt_37
38,The Prestige ,2006,https://www.imdb.com/title/tt0482571/?pf_rd_m=A2FGELUUNOQJNL&pf_rd_p=9e00d0ab-4911-4b4c-b1a9-327ce2349814&pf_rd_r=Y5F44E2PPEEHCKM0Y63A&pf_rd_s=center-2&pf_rd_t=15506&pf_rd_i=topenglish&ref_=chttentp_tt_38
39,Once Upon a Time in the West ,1968,https://www.imdb.com/title/tt0064116/?pf_rd_m=A2FGELUUNOQJNL&pf_rd_p=9e00d0ab-4911-4b4c-b1a9-327ce2349814&pf_rd_r=Y5F44E2PPEEHCKM0Y63A&pf_rd_s=center-2&pf_rd_t=15506&pf_rd_i=topenglish&ref_=chttentp_tt_39
40,Casablanca ,1942,https://www.imdb.com/title/tt0034583/?pf_rd_m=A2FGELUUNOQJNL&pf_rd_p=9e00d0ab-4911-4b4c-b1a9-327ce2349814&pf_rd_r=Y5F44E2PPEEHCKM0Y63A&pf_rd_s=center-2&pf_rd_t=15506&pf_rd_i=topenglish&ref_=chttentp_tt_40
41,Rear Window ,1954,https://www.imdb.com/title/tt0047396/?pf_rd_m=A2FGELUUNOQJNL&pf_rd_p=9e00d0ab-4911-4b4c-b1a9-327ce2349814&pf_rd_r=Y5F44E2PPEEHCKM0Y63A&pf_rd_s=center-2&pf_rd_t=15506&pf_rd_i=topenglish&ref_=chttentp_tt_41
42,The Great Dictator ,1940,https://www.imdb.com/title/tt0032553/?pf_rd_m=A2FGELUUNOQJNL&pf_rd_p=9e00d0ab-4911-4b4c-b1a9-327ce2349814&pf_rd_r=Y5F44E2PPEEHCKM0Y63A&pf_rd_s=center-2&pf_rd_t=15506&pf_rd_i=topenglish&ref_=chttentp_tt_42
43,Alien ,1979,https://www.imdb.com/title/tt0078748/?pf_rd_m=A2FGELUUNOQJNL&pf_rd_p=9e00d0ab-4911-4b4c-b1a9-327ce2349814&pf_rd_r=Y5F44E2PPEEHCKM0Y63A&pf_rd_s=center-2&pf_rd_t=15506&pf_rd_i=topenglish&ref_=chttentp_tt_43
44,Apocalypse Now ,1979,https://www.imdb.com/title/tt0078788/?pf_rd_m=A2FGELUUNOQJNL&pf_rd_p=9e00d0ab-4911-4b4c-b1a9-327ce2349814&pf_rd_r=Y5F44E2PPEEHCKM0Y63A&pf_rd_s=center-2&pf_rd_t=15506&pf_rd_i=topenglish&ref_=chttentp_tt_44
45,Memento ,2000,https://www.imdb.com/title/tt0209144/?pf_rd_m=A2FGELUUNOQJNL&pf_rd_p=9e00d0ab-4911-4b4c-b1a9-327ce2349814&pf_rd_r=Y5F44E2PPEEHCKM0Y63A&pf_rd_s=center-2&pf_rd_t=15506&pf_rd_i=topenglish&ref_=chttentp_tt_45
46,Raiders of the Lost Ark ,1981,https://www.imdb.com/title/tt0082971/?pf_rd_m=A2FGELUUNOQJNL&pf_rd_p=9e00d0ab-4911-4b4c-b1a9-327ce2349814&pf_rd_r=Y5F44E2PPEEHCKM0Y63A&pf_rd_s=center-2&pf_rd_t=15506&pf_rd_i=topenglish&ref_=chttentp_tt_46
47,Joker ,2019,https://www.imdb.com/title/tt7286456/?pf_rd_m=A2FGELUUNOQJNL&pf_rd_p=9e00d0ab-4911-4b4c-b1a9-327ce2349814&pf_rd_r=Y5F44E2PPEEHCKM0Y63A&pf_rd_s=center-2&pf_rd_t=15506&pf_rd_i=topenglish&ref_=chttentp_tt_47
48,Django Unchained ,2012,https://www.imdb.com/title/tt1853728/?pf_rd_m=A2FGELUUNOQJNL&pf_rd_p=9e00d0ab-4911-4b4c-b1a9-327ce2349814&pf_rd_r=Y5F44E2PPEEHCKM0Y63A&pf_rd_s=center-2&pf_rd_t=15506&pf_rd_i=topenglish&ref_=chttentp_tt_48
49,Paths of Glory ,1957,https://www.imdb.com/title/tt0050825/?pf_rd_m=A2FGELUUNOQJNL&pf_rd_p=9e00d0ab-4911-4b4c-b1a9-327ce2349814&pf_rd_r=Y5F44E2PPEEHCKM0Y63A&pf_rd_s=center-2&pf_rd_t=15506&pf_rd_i=topenglish&ref_=chttentp_tt_49
50,Avengers: Infinity War ,2018,https://www.imdb.com/title/tt4154756/?pf_rd_m=A2FGELUUNOQJNL&pf_rd_p=9e00d0ab-4911-4b4c-b1a9-327ce2349814&pf_rd_r=Y5F44E2PPEEHCKM0Y63A&pf_rd_s=center-2&pf_rd_t=15506&pf_rd_i=topenglish&ref_=chttentp_tt_50
51,Witness for the Prosecution ,1957,https://www.imdb.com/title/tt0051201/?pf_rd_m=A2FGELUUNOQJNL&pf_rd_p=9e00d0ab-4911-4b4c-b1a9-327ce2349814&pf_rd_r=Y5F44E2PPEEHCKM0Y63A&pf_rd_s=center-2&pf_rd_t=15506&pf_rd_i=topenglish&ref_=chttentp_tt_51
52,Sunset Blvd. ,1950,https://www.imdb.com/title/tt0043014/?pf_rd_m=A2FGELUUNOQJNL&pf_rd_p=9e00d0ab-4911-4b4c-b1a9-327ce2349814&pf_rd_r=Y5F44E2PPEEHCKM0Y63A&pf_rd_s=center-2&pf_rd_t=15506&pf_rd_i=topenglish&ref_=chttentp_tt_52
53,WALL·E ,2008,https://www.imdb.com/title/tt0910970/?pf_rd_m=A2FGELUUNOQJNL&pf_rd_p=9e00d0ab-4911-4b4c-b1a9-327ce2349814&pf_rd_r=Y5F44E2PPEEHCKM0Y63A&pf_rd_s=center-2&pf_rd_t=15506&pf_rd_i=topenglish&ref_=chttentp_tt_53
54,The Shining ,1980,https://www.imdb.com/title/tt0081505/?pf_rd_m=A2FGELUUNOQJNL&pf_rd_p=9e00d0ab-4911-4b4c-b1a9-327ce2349814&pf_rd_r=Y5F44E2PPEEHCKM0Y63A&pf_rd_s=center-2&pf_rd_t=15506&pf_rd_i=topenglish&ref_=chttentp_tt_54
55,Spider-Man: Into the Spider-Verse ,2018,https://www.imdb.com/title/tt4633694/?pf_rd_m=A2FGELUUNOQJNL&pf_rd_p=9e00d0ab-4911-4b4c-b1a9-327ce2349814&pf_rd_r=Y5F44E2PPEEHCKM0Y63A&pf_rd_s=center-2&pf_rd_t=15506&pf_rd_i=topenglish&ref_=chttentp_tt_55
56,Dr. Strangelove or: How I Learned to Stop Worrying and Love the Bomb ,1964,https://www.imdb.com/title/tt0057012/?pf_rd_m=A2FGELUUNOQJNL&pf_rd_p=9e00d0ab-4911-4b4c-b1a9-327ce2349814&pf_rd_r=Y5F44E2PPEEHCKM0Y63A&pf_rd_s=center-2&pf_rd_t=15506&pf_rd_i=topenglish&ref_=chttentp_tt_56
57,The Dark Knight Rises ,2012,https://www.imdb.com/title/tt1345836/?pf_rd_m=A2FGELUUNOQJNL&pf_rd_p=9e00d0ab-4911-4b4c-b1a9-327ce2349814&pf_rd_r=Y5F44E2PPEEHCKM0Y63A&pf_rd_s=center-2&pf_rd_t=15506&pf_rd_i=topenglish&ref_=chttentp_tt_57
58,Once Upon a Time in America ,1984,https://www.imdb.com/title/tt0087843/?pf_rd_m=A2FGELUUNOQJNL&pf_rd_p=9e00d0ab-4911-4b4c-b1a9-327ce2349814&pf_rd_r=Y5F44E2PPEEHCKM0Y63A&pf_rd_s=center-2&pf_rd_t=15506&pf_rd_i=topenglish&ref_=chttentp_tt_58
59,Avengers: Endgame ,2019,https://www.imdb.com/title/tt4154796/?pf_rd_m=A2FGELUUNOQJNL&pf_rd_p=9e00d0ab-4911-4b4c-b1a9-327ce2349814&pf_rd_r=Y5F44E2PPEEHCKM0Y63A&pf_rd_s=center-2&pf_rd_t=15506&pf_rd_i=topenglish&ref_=chttentp_tt_59
60,Coco ,2017,https://www.imdb.com/title/tt2380307/?pf_rd_m=A2FGELUUNOQJNL&pf_rd_p=9e00d0ab-4911-4b4c-b1a9-327ce2349814&pf_rd_r=Y5F44E2PPEEHCKM0Y63A&pf_rd_s=center-2&pf_rd_t=15506&pf_rd_i=topenglish&ref_=chttentp_tt_60
61,Aliens ,1986,https://www.imdb.com/title/tt0090605/?pf_rd_m=A2FGELUUNOQJNL&pf_rd_p=9e00d0ab-4911-4b4c-b1a9-327ce2349814&pf_rd_r=Y5F44E2PPEEHCKM0Y63A&pf_rd_s=center-2&pf_rd_t=15506&pf_rd_i=topenglish&ref_=chttentp_tt_61
62,Braveheart ,1995,https://www.imdb.com/title/tt0112573/?pf_rd_m=A2FGELUUNOQJNL&pf_rd_p=9e00d0ab-4911-4b4c-b1a9-327ce2349814&pf_rd_r=Y5F44E2PPEEHCKM0Y63A&pf_rd_s=center-2&pf_rd_t=15506&pf_rd_i=topenglish&ref_=chttentp_tt_62
63,American Beauty ,1999,https://www.imdb.com/title/tt0169547/?pf_rd_m=A2FGELUUNOQJNL&pf_rd_p=9e00d0ab-4911-4b4c-b1a9-327ce2349814&pf_rd_r=Y5F44E2PPEEHCKM0Y63A&pf_rd_s=center-2&pf_rd_t=15506&pf_rd_i=topenglish&ref_=chttentp_tt_63
64,Amadeus ,1984,https://www.imdb.com/title/tt0086879/?pf_rd_m=A2FGELUUNOQJNL&pf_rd_p=9e00d0ab-4911-4b4c-b1a9-327ce2349814&pf_rd_r=Y5F44E2PPEEHCKM0Y63A&pf_rd_s=center-2&pf_rd_t=15506&pf_rd_i=topenglish&ref_=chttentp_tt_64
65,Toy Story ,1995,https://www.imdb.com/title/tt0114709/?pf_rd_m=A2FGELUUNOQJNL&pf_rd_p=9e00d0ab-4911-4b4c-b1a9-327ce2349814&pf_rd_r=Y5F44E2PPEEHCKM0Y63A&pf_rd_s=center-2&pf_rd_t=15506&pf_rd_i=topenglish&ref_=chttentp_tt_65
66,Star Wars: Episode VI - Return of the Jedi ,1983,https://www.imdb.com/title/tt0086190/?pf_rd_m=A2FGELUUNOQJNL&pf_rd_p=9e00d0ab-4911-4b4c-b1a9-327ce2349814&pf_rd_r=Y5F44E2PPEEHCKM0Y63A&pf_rd_s=center-2&pf_rd_t=15506&pf_rd_i=topenglish&ref_=chttentp_tt_66
67,Inglourious Basterds ,2009,https://www.imdb.com/title/tt0361748/?pf_rd_m=A2FGELUUNOQJNL&pf_rd_p=9e00d0ab-4911-4b4c-b1a9-327ce2349814&pf_rd_r=Y5F44E2PPEEHCKM0Y63A&pf_rd_s=center-2&pf_rd_t=15506&pf_rd_i=topenglish&ref_=chttentp_tt_67
68,Good Will Hunting ,1997,https://www.imdb.com/title/tt0119217/?pf_rd_m=A2FGELUUNOQJNL&pf_rd_p=9e00d0ab-4911-4b4c-b1a9-327ce2349814&pf_rd_r=Y5F44E2PPEEHCKM0Y63A&pf_rd_s=center-2&pf_rd_t=15506&pf_rd_i=topenglish&ref_=chttentp_tt_68
69,Reservoir Dogs ,1992,https://www.imdb.com/title/tt0105236/?pf_rd_m=A2FGELUUNOQJNL&pf_rd_p=9e00d0ab-4911-4b4c-b1a9-327ce2349814&pf_rd_r=Y5F44E2PPEEHCKM0Y63A&pf_rd_s=center-2&pf_rd_t=15506&pf_rd_i=topenglish&ref_=chttentp_tt_69
70,2001: A Space Odyssey ,1968,https://www.imdb.com/title/tt0062622/?pf_rd_m=A2FGELUUNOQJNL&pf_rd_p=9e00d0ab-4911-4b4c-b1a9-327ce2349814&pf_rd_r=Y5F44E2PPEEHCKM0Y63A&pf_rd_s=center-2&pf_rd_t=15506&pf_rd_i=topenglish&ref_=chttentp_tt_70
71,Requiem for a Dream ,2000,https://www.imdb.com/title/tt0180093/?pf_rd_m=A2FGELUUNOQJNL&pf_rd_p=9e00d0ab-4911-4b4c-b1a9-327ce2349814&pf_rd_r=Y5F44E2PPEEHCKM0Y63A&pf_rd_s=center-2&pf_rd_t=15506&pf_rd_i=topenglish&ref_=chttentp_tt_71
72,The Kid ,1921,https://www.imdb.com/title/tt0012349/?pf_rd_m=A2FGELUUNOQJNL&pf_rd_p=9e00d0ab-4911-4b4c-b1a9-327ce2349814&pf_rd_r=Y5F44E2PPEEHCKM0Y63A&pf_rd_s=center-2&pf_rd_t=15506&pf_rd_i=topenglish&ref_=chttentp_tt_72
73,Vertigo ,1958,https://www.imdb.com/title/tt0052357/?pf_rd_m=A2FGELUUNOQJNL&pf_rd_p=9e00d0ab-4911-4b4c-b1a9-327ce2349814&pf_rd_r=Y5F44E2PPEEHCKM0Y63A&pf_rd_s=center-2&pf_rd_t=15506&pf_rd_i=topenglish&ref_=chttentp_tt_73
74,1917 ,2019,https://www.imdb.com/title/tt8579674/?pf_rd_m=A2FGELUUNOQJNL&pf_rd_p=9e00d0ab-4911-4b4c-b1a9-327ce2349814&pf_rd_r=Y5F44E2PPEEHCKM0Y63A&pf_rd_s=center-2&pf_rd_t=15506&pf_rd_i=topenglish&ref_=chttentp_tt_74
75,Eternal Sunshine of the Spotless Mind ,2004,https://www.imdb.com/title/tt0338013/?pf_rd_m=A2FGELUUNOQJNL&pf_rd_p=9e00d0ab-4911-4b4c-b1a9-327ce2349814&pf_rd_r=Y5F44E2PPEEHCKM0Y63A&pf_rd_s=center-2&pf_rd_t=15506&pf_rd_i=topenglish&ref_=chttentp_tt_75
76,Citizen Kane ,1941,https://www.imdb.com/title/tt0033467/?pf_rd_m=A2FGELUUNOQJNL&pf_rd_p=9e00d0ab-4911-4b4c-b1a9-327ce2349814&pf_rd_r=Y5F44E2PPEEHCKM0Y63A&pf_rd_s=center-2&pf_rd_t=15506&pf_rd_i=topenglish&ref_=chttentp_tt_76
77,Singin' in the Rain ,1952,https://www.imdb.com/title/tt0045152/?pf_rd_m=A2FGELUUNOQJNL&pf_rd_p=9e00d0ab-4911-4b4c-b1a9-327ce2349814&pf_rd_r=Y5F44E2PPEEHCKM0Y63A&pf_rd_s=center-2&pf_rd_t=15506&pf_rd_i=topenglish&ref_=chttentp_tt_77
78,North by Northwest ,1959,https://www.imdb.com/title/tt0053125/?pf_rd_m=A2FGELUUNOQJNL&pf_rd_p=9e00d0ab-4911-4b4c-b1a9-327ce2349814&pf_rd_r=Y5F44E2PPEEHCKM0Y63A&pf_rd_s=center-2&pf_rd_t=15506&pf_rd_i=topenglish&ref_=chttentp_tt_78
79,Full Metal Jacket ,1987,https://www.imdb.com/title/tt0093058/?pf_rd_m=A2FGELUUNOQJNL&pf_rd_p=9e00d0ab-4911-4b4c-b1a9-327ce2349814&pf_rd_r=Y5F44E2PPEEHCKM0Y63A&pf_rd_s=center-2&pf_rd_t=15506&pf_rd_i=topenglish&ref_=chttentp_tt_79
80,Snatch ,2000,https://www.imdb.com/title/tt0208092/?pf_rd_m=A2FGELUUNOQJNL&pf_rd_p=9e00d0ab-4911-4b4c-b1a9-327ce2349814&pf_rd_r=Y5F44E2PPEEHCKM0Y63A&pf_rd_s=center-2&pf_rd_t=15506&pf_rd_i=topenglish&ref_=chttentp_tt_80
81,Scarface ,1983,https://www.imdb.com/title/tt0086250/?pf_rd_m=A2FGELUUNOQJNL&pf_rd_p=9e00d0ab-4911-4b4c-b1a9-327ce2349814&pf_rd_r=Y5F44E2PPEEHCKM0Y63A&pf_rd_s=center-2&pf_rd_t=15506&pf_rd_i=topenglish&ref_=chttentp_tt_81
82,A Clockwork Orange ,1971,https://www.imdb.com/title/tt0066921/?pf_rd_m=A2FGELUUNOQJNL&pf_rd_p=9e00d0ab-4911-4b4c-b1a9-327ce2349814&pf_rd_r=Y5F44E2PPEEHCKM0Y63A&pf_rd_s=center-2&pf_rd_t=15506&pf_rd_i=topenglish&ref_=chttentp_tt_82
83,Lawrence of Arabia ,1962,https://www.imdb.com/title/tt0056172/?pf_rd_m=A2FGELUUNOQJNL&pf_rd_p=9e00d0ab-4911-4b4c-b1a9-327ce2349814&pf_rd_r=Y5F44E2PPEEHCKM0Y63A&pf_rd_s=center-2&pf_rd_t=15506&pf_rd_i=topenglish&ref_=chttentp_tt_83
84,The Sting ,1973,https://www.imdb.com/title/tt0070735/?pf_rd_m=A2FGELUUNOQJNL&pf_rd_p=9e00d0ab-4911-4b4c-b1a9-327ce2349814&pf_rd_r=Y5F44E2PPEEHCKM0Y63A&pf_rd_s=center-2&pf_rd_t=15506&pf_rd_i=topenglish&ref_=chttentp_tt_84
85,Taxi Driver ,1976,https://www.imdb.com/title/tt0075314/?pf_rd_m=A2FGELUUNOQJNL&pf_rd_p=9e00d0ab-4911-4b4c-b1a9-327ce2349814&pf_rd_r=Y5F44E2PPEEHCKM0Y63A&pf_rd_s=center-2&pf_rd_t=15506&pf_rd_i=topenglish&ref_=chttentp_tt_85
86,Double Indemnity ,1944,https://www.imdb.com/title/tt0036775/?pf_rd_m=A2FGELUUNOQJNL&pf_rd_p=9e00d0ab-4911-4b4c-b1a9-327ce2349814&pf_rd_r=Y5F44E2PPEEHCKM0Y63A&pf_rd_s=center-2&pf_rd_t=15506&pf_rd_i=topenglish&ref_=chttentp_tt_86
87,The Apartment ,1960,https://www.imdb.com/title/tt0053604/?pf_rd_m=A2FGELUUNOQJNL&pf_rd_p=9e00d0ab-4911-4b4c-b1a9-327ce2349814&pf_rd_r=Y5F44E2PPEEHCKM0Y63A&pf_rd_s=center-2&pf_rd_t=15506&pf_rd_i=topenglish&ref_=chttentp_tt_87
88,Toy Story 3 ,2010,https://www.imdb.com/title/tt0435761/?pf_rd_m=A2FGELUUNOQJNL&pf_rd_p=9e00d0ab-4911-4b4c-b1a9-327ce2349814&pf_rd_r=Y5F44E2PPEEHCKM0Y63A&pf_rd_s=center-2&pf_rd_t=15506&pf_rd_i=topenglish&ref_=chttentp_tt_88
89,To Kill a Mockingbird ,1962,https://www.imdb.com/title/tt0056592/?pf_rd_m=A2FGELUUNOQJNL&pf_rd_p=9e00d0ab-4911-4b4c-b1a9-327ce2349814&pf_rd_r=Y5F44E2PPEEHCKM0Y63A&pf_rd_s=center-2&pf_rd_t=15506&pf_rd_i=topenglish&ref_=chttentp_tt_89
90,Up ,2009,https://www.imdb.com/title/tt1049413/?pf_rd_m=A2FGELUUNOQJNL&pf_rd_p=9e00d0ab-4911-4b4c-b1a9-327ce2349814&pf_rd_r=Y5F44E2PPEEHCKM0Y63A&pf_rd_s=center-2&pf_rd_t=15506&pf_rd_i=topenglish&ref_=chttentp_tt_90
91,Indiana Jones and the Last Crusade ,1989,https://www.imdb.com/title/tt0097576/?pf_rd_m=A2FGELUUNOQJNL&pf_rd_p=9e00d0ab-4911-4b4c-b1a9-327ce2349814&pf_rd_r=Y5F44E2PPEEHCKM0Y63A&pf_rd_s=center-2&pf_rd_t=15506&pf_rd_i=topenglish&ref_=chttentp_tt_91
92,Heat ,1995,https://www.imdb.com/title/tt0113277/?pf_rd_m=A2FGELUUNOQJNL&pf_rd_p=9e00d0ab-4911-4b4c-b1a9-327ce2349814&pf_rd_r=Y5F44E2PPEEHCKM0Y63A&pf_rd_s=center-2&pf_rd_t=15506&pf_rd_i=topenglish&ref_=chttentp_tt_92
93,L.A. Confidential ,1997,https://www.imdb.com/title/tt0119488/?pf_rd_m=A2FGELUUNOQJNL&pf_rd_p=9e00d0ab-4911-4b4c-b1a9-327ce2349814&pf_rd_r=Y5F44E2PPEEHCKM0Y63A&pf_rd_s=center-2&pf_rd_t=15506&pf_rd_i=topenglish&ref_=chttentp_tt_93
94,Green Book ,2018,https://www.imdb.com/title/tt6966692/?pf_rd_m=A2FGELUUNOQJNL&pf_rd_p=9e00d0ab-4911-4b4c-b1a9-327ce2349814&pf_rd_r=Y5F44E2PPEEHCKM0Y63A&pf_rd_s=center-2&pf_rd_t=15506&pf_rd_i=topenglish&ref_=chttentp_tt_94
95,Monty Python and the Holy Grail ,1975,https://www.imdb.com/title/tt0071853/?pf_rd_m=A2FGELUUNOQJNL&pf_rd_p=9e00d0ab-4911-4b4c-b1a9-327ce2349814&pf_rd_r=Y5F44E2PPEEHCKM0Y63A&pf_rd_s=center-2&pf_rd_t=15506&pf_rd_i=topenglish&ref_=chttentp_tt_95
96,Die Hard ,1988,https://www.imdb.com/title/tt0095016/?pf_rd_m=A2FGELUUNOQJNL&pf_rd_p=9e00d0ab-4911-4b4c-b1a9-327ce2349814&pf_rd_r=Y5F44E2PPEEHCKM0Y63A&pf_rd_s=center-2&pf_rd_t=15506&pf_rd_i=topenglish&ref_=chttentp_tt_96
97,Batman Begins ,2005,https://www.imdb.com/title/tt0372784/?pf_rd_m=A2FGELUUNOQJNL&pf_rd_p=9e00d0ab-4911-4b4c-b1a9-327ce2349814&pf_rd_r=Y5F44E2PPEEHCKM0Y63A&pf_rd_s=center-2&pf_rd_t=15506&pf_rd_i=topenglish&ref_=chttentp_tt_97
98,Some Like It Hot ,1959,https://www.imdb.com/title/tt0053291/?pf_rd_m=A2FGELUUNOQJNL&pf_rd_p=9e00d0ab-4911-4b4c-b1a9-327ce2349814&pf_rd_r=Y5F44E2PPEEHCKM0Y63A&pf_rd_s=center-2&pf_rd_t=15506&pf_rd_i=topenglish&ref_=chttentp_tt_98
99,Unforgiven ,1992,https://www.imdb.com/title/tt0105695/?pf_rd_m=A2FGELUUNOQJNL&pf_rd_p=9e00d0ab-4911-4b4c-b1a9-327ce2349814&pf_rd_r=Y5F44E2PPEEHCKM0Y63A&pf_rd_s=center-2&pf_rd_t=15506&pf_rd_i=topenglish&ref_=chttentp_tt_99
100,Judgment at Nuremberg ,1961,https://www.imdb.com/title/tt0055031/?pf_rd_m=A2FGELUUNOQJNL&pf_rd_p=9e00d0ab-4911-4b4c-b1a9-327ce2349814&pf_rd_r=Y5F44E2PPEEHCKM0Y63A&pf_rd_s=center-2&pf_rd_t=15506&pf_rd_i=topenglish&ref_=chttentp_tt_100
101,All About Eve ,1950,https://www.imdb.com/title/tt0042192/?pf_rd_m=A2FGELUUNOQJNL&pf_rd_p=9e00d0ab-4911-4b4c-b1a9-327ce2349814&pf_rd_r=Y5F44E2PPEEHCKM0Y63A&pf_rd_s=center-2&pf_rd_t=15506&pf_rd_i=topenglish&ref_=chttentp_tt_101
102,To Be or Not to Be ,1942,https://www.imdb.com/title/tt0035446/?pf_rd_m=A2FGELUUNOQJNL&pf_rd_p=9e00d0ab-4911-4b4c-b1a9-327ce2349814&pf_rd_r=Y5F44E2PPEEHCKM0Y63A&pf_rd_s=center-2&pf_rd_t=15506&pf_rd_i=topenglish&ref_=chttentp_tt_102
103,The Great Escape ,1963,https://www.imdb.com/title/tt0057115/?pf_rd_m=A2FGELUUNOQJNL&pf_rd_p=9e00d0ab-4911-4b4c-b1a9-327ce2349814&pf_rd_r=Y5F44E2PPEEHCKM0Y63A&pf_rd_s=center-2&pf_rd_t=15506&pf_rd_i=topenglish&ref_=chttentp_tt_103
104,A Beautiful Mind ,2001,https://www.imdb.com/title/tt0268978/?pf_rd_m=A2FGELUUNOQJNL&pf_rd_p=9e00d0ab-4911-4b4c-b1a9-327ce2349814&pf_rd_r=Y5F44E2PPEEHCKM0Y63A&pf_rd_s=center-2&pf_rd_t=15506&pf_rd_i=topenglish&ref_=chttentp_tt_104
105,Casino ,1995,https://www.imdb.com/title/tt0112641/?pf_rd_m=A2FGELUUNOQJNL&pf_rd_p=9e00d0ab-4911-4b4c-b1a9-327ce2349814&pf_rd_r=Y5F44E2PPEEHCKM0Y63A&pf_rd_s=center-2&pf_rd_t=15506&pf_rd_i=topenglish&ref_=chttentp_tt_105
106,The Wolf of Wall Street ,2013,https://www.imdb.com/title/tt0993846/?pf_rd_m=A2FGELUUNOQJNL&pf_rd_p=9e00d0ab-4911-4b4c-b1a9-327ce2349814&pf_rd_r=Y5F44E2PPEEHCKM0Y63A&pf_rd_s=center-2&pf_rd_t=15506&pf_rd_i=topenglish&ref_=chttentp_tt_106
107,The Treasure of the Sierra Madre ,1948,https://www.imdb.com/title/tt0040897/?pf_rd_m=A2FGELUUNOQJNL&pf_rd_p=9e00d0ab-4911-4b4c-b1a9-327ce2349814&pf_rd_r=Y5F44E2PPEEHCKM0Y63A&pf_rd_s=center-2&pf_rd_t=15506&pf_rd_i=topenglish&ref_=chttentp_tt_107
108,The Gold Rush ,1925,https://www.imdb.com/title/tt0015864/?pf_rd_m=A2FGELUUNOQJNL&pf_rd_p=9e00d0ab-4911-4b4c-b1a9-327ce2349814&pf_rd_r=Y5F44E2PPEEHCKM0Y63A&pf_rd_s=center-2&pf_rd_t=15506&pf_rd_i=topenglish&ref_=chttentp_tt_108
109,"Lock, Stock and Two Smoking Barrels ",1998,https://www.imdb.com/title/tt0120735/?pf_rd_m=A2FGELUUNOQJNL&pf_rd_p=9e00d0ab-4911-4b4c-b1a9-327ce2349814&pf_rd_r=Y5F44E2PPEEHCKM0Y63A&pf_rd_s=center-2&pf_rd_t=15506&pf_rd_i=topenglish&ref_=chttentp_tt_109
110,Raging Bull ,1980,https://www.imdb.com/title/tt0081398/?pf_rd_m=A2FGELUUNOQJNL&pf_rd_p=9e00d0ab-4911-4b4c-b1a9-327ce2349814&pf_rd_r=Y5F44E2PPEEHCKM0Y63A&pf_rd_s=center-2&pf_rd_t=15506&pf_rd_i=topenglish&ref_=chttentp_tt_110
111,There Will Be Blood ,2007,https://www.imdb.com/title/tt0469494/?pf_rd_m=A2FGELUUNOQJNL&pf_rd_p=9e00d0ab-4911-4b4c-b1a9-327ce2349814&pf_rd_r=Y5F44E2PPEEHCKM0Y63A&pf_rd_s=center-2&pf_rd_t=15506&pf_rd_i=topenglish&ref_=chttentp_tt_111
112,Dial M for Murder ,1954,https://www.imdb.com/title/tt0046912/?pf_rd_m=A2FGELUUNOQJNL&pf_rd_p=9e00d0ab-4911-4b4c-b1a9-327ce2349814&pf_rd_r=Y5F44E2PPEEHCKM0Y63A&pf_rd_s=center-2&pf_rd_t=15506&pf_rd_i=topenglish&ref_=chttentp_tt_112
113,"Three Billboards Outside Ebbing, Missouri ",2017,https://www.imdb.com/title/tt5027774/?pf_rd_m=A2FGELUUNOQJNL&pf_rd_p=9e00d0ab-4911-4b4c-b1a9-327ce2349814&pf_rd_r=Y5F44E2PPEEHCKM0Y63A&pf_rd_s=center-2&pf_rd_t=15506&pf_rd_i=topenglish&ref_=chttentp_tt_113
114,Chinatown ,1974,https://www.imdb.com/title/tt0071315/?pf_rd_m=A2FGELUUNOQJNL&pf_rd_p=9e00d0ab-4911-4b4c-b1a9-327ce2349814&pf_rd_r=Y5F44E2PPEEHCKM0Y63A&pf_rd_s=center-2&pf_rd_t=15506&pf_rd_i=topenglish&ref_=chttentp_tt_114
115,Klaus ,2019,https://www.imdb.com/title/tt4729430/?pf_rd_m=A2FGELUUNOQJNL&pf_rd_p=9e00d0ab-4911-4b4c-b1a9-327ce2349814&pf_rd_r=Y5F44E2PPEEHCKM0Y63A&pf_rd_s=center-2&pf_rd_t=15506&pf_rd_i=topenglish&ref_=chttentp_tt_115
116,Shutter Island ,2010,https://www.imdb.com/title/tt1130884/?pf_rd_m=A2FGELUUNOQJNL&pf_rd_p=9e00d0ab-4911-4b4c-b1a9-327ce2349814&pf_rd_r=Y5F44E2PPEEHCKM0Y63A&pf_rd_s=center-2&pf_rd_t=15506&pf_rd_i=topenglish&ref_=chttentp_tt_116
117,V for Vendetta ,2005,https://www.imdb.com/title/tt0434409/?pf_rd_m=A2FGELUUNOQJNL&pf_rd_p=9e00d0ab-4911-4b4c-b1a9-327ce2349814&pf_rd_r=Y5F44E2PPEEHCKM0Y63A&pf_rd_s=center-2&pf_rd_t=15506&pf_rd_i=topenglish&ref_=chttentp_tt_117
118,Warrior ,2011,https://www.imdb.com/title/tt1291584/?pf_rd_m=A2FGELUUNOQJNL&pf_rd_p=9e00d0ab-4911-4b4c-b1a9-327ce2349814&pf_rd_r=Y5F44E2PPEEHCKM0Y63A&pf_rd_s=center-2&pf_rd_t=15506&pf_rd_i=topenglish&ref_=chttentp_tt_118
119,The Elephant Man ,1980,https://www.imdb.com/title/tt0080678/?pf_rd_m=A2FGELUUNOQJNL&pf_rd_p=9e00d0ab-4911-4b4c-b1a9-327ce2349814&pf_rd_r=Y5F44E2PPEEHCKM0Y63A&pf_rd_s=center-2&pf_rd_t=15506&pf_rd_i=topenglish&ref_=chttentp_tt_119
120,Inside Out ,2015,https://www.imdb.com/title/tt2096673/?pf_rd_m=A2FGELUUNOQJNL&pf_rd_p=9e00d0ab-4911-4b4c-b1a9-327ce2349814&pf_rd_r=Y5F44E2PPEEHCKM0Y63A&pf_rd_s=center-2&pf_rd_t=15506&pf_rd_i=topenglish&ref_=chttentp_tt_120
121,No Country for Old Men ,2007,https://www.imdb.com/title/tt0477348/?pf_rd_m=A2FGELUUNOQJNL&pf_rd_p=9e00d0ab-4911-4b4c-b1a9-327ce2349814&pf_rd_r=Y5F44E2PPEEHCKM0Y63A&pf_rd_s=center-2&pf_rd_t=15506&pf_rd_i=topenglish&ref_=chttentp_tt_121
122,Gone with the Wind ,1939,https://www.imdb.com/title/tt0031381/?pf_rd_m=A2FGELUUNOQJNL&pf_rd_p=9e00d0ab-4911-4b4c-b1a9-327ce2349814&pf_rd_r=Y5F44E2PPEEHCKM0Y63A&pf_rd_s=center-2&pf_rd_t=15506&pf_rd_i=topenglish&ref_=chttentp_tt_122
123,The Thing ,1982,https://www.imdb.com/title/tt0084787/?pf_rd_m=A2FGELUUNOQJNL&pf_rd_p=9e00d0ab-4911-4b4c-b1a9-327ce2349814&pf_rd_r=Y5F44E2PPEEHCKM0Y63A&pf_rd_s=center-2&pf_rd_t=15506&pf_rd_i=topenglish&ref_=chttentp_tt_123
124,Trainspotting ,1996,https://www.imdb.com/title/tt0117951/?pf_rd_m=A2FGELUUNOQJNL&pf_rd_p=9e00d0ab-4911-4b4c-b1a9-327ce2349814&pf_rd_r=Y5F44E2PPEEHCKM0Y63A&pf_rd_s=center-2&pf_rd_t=15506&pf_rd_i=topenglish&ref_=chttentp_tt_124
125,The Sixth Sense ,1999,https://www.imdb.com/title/tt0167404/?pf_rd_m=A2FGELUUNOQJNL&pf_rd_p=9e00d0ab-4911-4b4c-b1a9-327ce2349814&pf_rd_r=Y5F44E2PPEEHCKM0Y63A&pf_rd_s=center-2&pf_rd_t=15506&pf_rd_i=topenglish&ref_=chttentp_tt_125
126,Jurassic Park ,1993,https://www.imdb.com/title/tt0107290/?pf_rd_m=A2FGELUUNOQJNL&pf_rd_p=9e00d0ab-4911-4b4c-b1a9-327ce2349814&pf_rd_r=Y5F44E2PPEEHCKM0Y63A&pf_rd_s=center-2&pf_rd_t=15506&pf_rd_i=topenglish&ref_=chttentp_tt_126
127,The Bridge on the River Kwai ,1957,https://www.imdb.com/title/tt0050212/?pf_rd_m=A2FGELUUNOQJNL&pf_rd_p=9e00d0ab-4911-4b4c-b1a9-327ce2349814&pf_rd_r=Y5F44E2PPEEHCKM0Y63A&pf_rd_s=center-2&pf_rd_t=15506&pf_rd_i=topenglish&ref_=chttentp_tt_127
128,On the Waterfront ,1954,https://www.imdb.com/title/tt0047296/?pf_rd_m=A2FGELUUNOQJNL&pf_rd_p=9e00d0ab-4911-4b4c-b1a9-327ce2349814&pf_rd_r=Y5F44E2PPEEHCKM0Y63A&pf_rd_s=center-2&pf_rd_t=15506&pf_rd_i=topenglish&ref_=chttentp_tt_128
129,The Message ,1976,https://www.imdb.com/title/tt0074896/?pf_rd_m=A2FGELUUNOQJNL&pf_rd_p=9e00d0ab-4911-4b4c-b1a9-327ce2349814&pf_rd_r=Y5F44E2PPEEHCKM0Y63A&pf_rd_s=center-2&pf_rd_t=15506&pf_rd_i=topenglish&ref_=chttentp_tt_129
130,The Third Man ,1949,https://www.imdb.com/title/tt0041959/?pf_rd_m=A2FGELUUNOQJNL&pf_rd_p=9e00d0ab-4911-4b4c-b1a9-327ce2349814&pf_rd_r=Y5F44E2PPEEHCKM0Y63A&pf_rd_s=center-2&pf_rd_t=15506&pf_rd_i=topenglish&ref_=chttentp_tt_130
131,Room ,2015,https://www.imdb.com/title/tt3170832/?pf_rd_m=A2FGELUUNOQJNL&pf_rd_p=9e00d0ab-4911-4b4c-b1a9-327ce2349814&pf_rd_r=Y5F44E2PPEEHCKM0Y63A&pf_rd_s=center-2&pf_rd_t=15506&pf_rd_i=topenglish&ref_=chttentp_tt_131
132,Blade Runner ,1982,https://www.imdb.com/title/tt0083658/?pf_rd_m=A2FGELUUNOQJNL&pf_rd_p=9e00d0ab-4911-4b4c-b1a9-327ce2349814&pf_rd_r=Y5F44E2PPEEHCKM0Y63A&pf_rd_s=center-2&pf_rd_t=15506&pf_rd_i=topenglish&ref_=chttentp_tt_132
133,Finding Nemo ,2003,https://www.imdb.com/title/tt0266543/?pf_rd_m=A2FGELUUNOQJNL&pf_rd_p=9e00d0ab-4911-4b4c-b1a9-327ce2349814&pf_rd_r=Y5F44E2PPEEHCKM0Y63A&pf_rd_s=center-2&pf_rd_t=15506&pf_rd_i=topenglish&ref_=chttentp_tt_133
134,The Truman Show ,1998,https://www.imdb.com/title/tt0120382/?pf_rd_m=A2FGELUUNOQJNL&pf_rd_p=9e00d0ab-4911-4b4c-b1a9-327ce2349814&pf_rd_r=Y5F44E2PPEEHCKM0Y63A&pf_rd_s=center-2&pf_rd_t=15506&pf_rd_i=topenglish&ref_=chttentp_tt_134
135,Mary and Max ,2009,https://www.imdb.com/title/tt0978762/?pf_rd_m=A2FGELUUNOQJNL&pf_rd_p=9e00d0ab-4911-4b4c-b1a9-327ce2349814&pf_rd_r=Y5F44E2PPEEHCKM0Y63A&pf_rd_s=center-2&pf_rd_t=15506&pf_rd_i=topenglish&ref_=chttentp_tt_135
136,Kill Bill: Vol. 1 ,2003,https://www.imdb.com/title/tt0266697/?pf_rd_m=A2FGELUUNOQJNL&pf_rd_p=9e00d0ab-4911-4b4c-b1a9-327ce2349814&pf_rd_r=Y5F44E2PPEEHCKM0Y63A&pf_rd_s=center-2&pf_rd_t=15506&pf_rd_i=topenglish&ref_=chttentp_tt_136
137,In the Name of the Father ,1993,https://www.imdb.com/title/tt0107207/?pf_rd_m=A2FGELUUNOQJNL&pf_rd_p=9e00d0ab-4911-4b4c-b1a9-327ce2349814&pf_rd_r=Y5F44E2PPEEHCKM0Y63A&pf_rd_s=center-2&pf_rd_t=15506&pf_rd_i=topenglish&ref_=chttentp_tt_137
138,Fargo ,1996,https://www.imdb.com/title/tt0116282/?pf_rd_m=A2FGELUUNOQJNL&pf_rd_p=9e00d0ab-4911-4b4c-b1a9-327ce2349814&pf_rd_r=Y5F44E2PPEEHCKM0Y63A&pf_rd_s=center-2&pf_rd_t=15506&pf_rd_i=topenglish&ref_=chttentp_tt_138
139,The Deer Hunter ,1978,https://www.imdb.com/title/tt0077416/?pf_rd_m=A2FGELUUNOQJNL&pf_rd_p=9e00d0ab-4911-4b4c-b1a9-327ce2349814&pf_rd_r=Y5F44E2PPEEHCKM0Y63A&pf_rd_s=center-2&pf_rd_t=15506&pf_rd_i=topenglish&ref_=chttentp_tt_139
140,Gran Torino ,2008,https://www.imdb.com/title/tt1205489/?pf_rd_m=A2FGELUUNOQJNL&pf_rd_p=9e00d0ab-4911-4b4c-b1a9-327ce2349814&pf_rd_r=Y5F44E2PPEEHCKM0Y63A&pf_rd_s=center-2&pf_rd_t=15506&pf_rd_i=topenglish&ref_=chttentp_tt_140
141,Mr. Smith Goes to Washington ,1939,https://www.imdb.com/title/tt0031679/?pf_rd_m=A2FGELUUNOQJNL&pf_rd_p=9e00d0ab-4911-4b4c-b1a9-327ce2349814&pf_rd_r=Y5F44E2PPEEHCKM0Y63A&pf_rd_s=center-2&pf_rd_t=15506&pf_rd_i=topenglish&ref_=chttentp_tt_141
142,Hacksaw Ridge ,2016,https://www.imdb.com/title/tt2119532/?pf_rd_m=A2FGELUUNOQJNL&pf_rd_p=9e00d0ab-4911-4b4c-b1a9-327ce2349814&pf_rd_r=Y5F44E2PPEEHCKM0Y63A&pf_rd_s=center-2&pf_rd_t=15506&pf_rd_i=topenglish&ref_=chttentp_tt_142
143,Before Sunrise ,1995,https://www.imdb.com/title/tt0112471/?pf_rd_m=A2FGELUUNOQJNL&pf_rd_p=9e00d0ab-4911-4b4c-b1a9-327ce2349814&pf_rd_r=Y5F44E2PPEEHCKM0Y63A&pf_rd_s=center-2&pf_rd_t=15506&pf_rd_i=topenglish&ref_=chttentp_tt_143
144,Ford v Ferrari ,2019,https://www.imdb.com/title/tt1950186/?pf_rd_m=A2FGELUUNOQJNL&pf_rd_p=9e00d0ab-4911-4b4c-b1a9-327ce2349814&pf_rd_r=Y5F44E2PPEEHCKM0Y63A&pf_rd_s=center-2&pf_rd_t=15506&pf_rd_i=topenglish&ref_=chttentp_tt_144
145,The Grand Budapest Hotel ,2014,https://www.imdb.com/title/tt2278388/?pf_rd_m=A2FGELUUNOQJNL&pf_rd_p=9e00d0ab-4911-4b4c-b1a9-327ce2349814&pf_rd_r=Y5F44E2PPEEHCKM0Y63A&pf_rd_s=center-2&pf_rd_t=15506&pf_rd_i=topenglish&ref_=chttentp_tt_145
146,Gone Girl ,2014,https://www.imdb.com/title/tt2267998/?pf_rd_m=A2FGELUUNOQJNL&pf_rd_p=9e00d0ab-4911-4b4c-b1a9-327ce2349814&pf_rd_r=Y5F44E2PPEEHCKM0Y63A&pf_rd_s=center-2&pf_rd_t=15506&pf_rd_i=topenglish&ref_=chttentp_tt_146
147,The Big Lebowski ,1998,https://www.imdb.com/title/tt0118715/?pf_rd_m=A2FGELUUNOQJNL&pf_rd_p=9e00d0ab-4911-4b4c-b1a9-327ce2349814&pf_rd_r=Y5F44E2PPEEHCKM0Y63A&pf_rd_s=center-2&pf_rd_t=15506&pf_rd_i=topenglish&ref_=chttentp_tt_147
148,Barry Lyndon ,1975,https://www.imdb.com/title/tt0072684/?pf_rd_m=A2FGELUUNOQJNL&pf_rd_p=9e00d0ab-4911-4b4c-b1a9-327ce2349814&pf_rd_r=Y5F44E2PPEEHCKM0Y63A&pf_rd_s=center-2&pf_rd_t=15506&pf_rd_i=topenglish&ref_=chttentp_tt_148
149,Catch Me If You Can ,2002,https://www.imdb.com/title/tt0264464/?pf_rd_m=A2FGELUUNOQJNL&pf_rd_p=9e00d0ab-4911-4b4c-b1a9-327ce2349814&pf_rd_r=Y5F44E2PPEEHCKM0Y63A&pf_rd_s=center-2&pf_rd_t=15506&pf_rd_i=topenglish&ref_=chttentp_tt_149
150,The Red Shoes ,1948,https://www.imdb.com/title/tt0040725/?pf_rd_m=A2FGELUUNOQJNL&pf_rd_p=9e00d0ab-4911-4b4c-b1a9-327ce2349814&pf_rd_r=Y5F44E2PPEEHCKM0Y63A&pf_rd_s=center-2&pf_rd_t=15506&pf_rd_i=topenglish&ref_=chttentp_tt_150
151,How to Train Your Dragon ,2010,https://www.imdb.com/title/tt0892769/?pf_rd_m=A2FGELUUNOQJNL&pf_rd_p=9e00d0ab-4911-4b4c-b1a9-327ce2349814&pf_rd_r=Y5F44E2PPEEHCKM0Y63A&pf_rd_s=center-2&pf_rd_t=15506&pf_rd_i=topenglish&ref_=chttentp_tt_151
152,Prisoners ,2013,https://www.imdb.com/title/tt1392214/?pf_rd_m=A2FGELUUNOQJNL&pf_rd_p=9e00d0ab-4911-4b4c-b1a9-327ce2349814&pf_rd_r=Y5F44E2PPEEHCKM0Y63A&pf_rd_s=center-2&pf_rd_t=15506&pf_rd_i=topenglish&ref_=chttentp_tt_152
153,Hachi: A Dog's Tale ,2009,https://www.imdb.com/title/tt1028532/?pf_rd_m=A2FGELUUNOQJNL&pf_rd_p=9e00d0ab-4911-4b4c-b1a9-327ce2349814&pf_rd_r=Y5F44E2PPEEHCKM0Y63A&pf_rd_s=center-2&pf_rd_t=15506&pf_rd_i=topenglish&ref_=chttentp_tt_153
154,White Heat ,1949,https://www.imdb.com/title/tt0042041/?pf_rd_m=A2FGELUUNOQJNL&pf_rd_p=9e00d0ab-4911-4b4c-b1a9-327ce2349814&pf_rd_r=Y5F44E2PPEEHCKM0Y63A&pf_rd_s=center-2&pf_rd_t=15506&pf_rd_i=topenglish&ref_=chttentp_tt_154
155,Network ,1976,https://www.imdb.com/title/tt0074958/?pf_rd_m=A2FGELUUNOQJNL&pf_rd_p=9e00d0ab-4911-4b4c-b1a9-327ce2349814&pf_rd_r=Y5F44E2PPEEHCKM0Y63A&pf_rd_s=center-2&pf_rd_t=15506&pf_rd_i=topenglish&ref_=chttentp_tt_155
156,Cool Hand Luke ,1967,https://www.imdb.com/title/tt0061512/?pf_rd_m=A2FGELUUNOQJNL&pf_rd_p=9e00d0ab-4911-4b4c-b1a9-327ce2349814&pf_rd_r=Y5F44E2PPEEHCKM0Y63A&pf_rd_s=center-2&pf_rd_t=15506&pf_rd_i=topenglish&ref_=chttentp_tt_156
157,Ace in the Hole ,1951,https://www.imdb.com/title/tt0043338/?pf_rd_m=A2FGELUUNOQJNL&pf_rd_p=9e00d0ab-4911-4b4c-b1a9-327ce2349814&pf_rd_r=Y5F44E2PPEEHCKM0Y63A&pf_rd_s=center-2&pf_rd_t=15506&pf_rd_i=topenglish&ref_=chttentp_tt_157
158,12 Years a Slave ,2013,https://www.imdb.com/title/tt2024544/?pf_rd_m=A2FGELUUNOQJNL&pf_rd_p=9e00d0ab-4911-4b4c-b1a9-327ce2349814&pf_rd_r=Y5F44E2PPEEHCKM0Y63A&pf_rd_s=center-2&pf_rd_t=15506&pf_rd_i=topenglish&ref_=chttentp_tt_158
159,Inherit the Wind ,1960,https://www.imdb.com/title/tt0053946/?pf_rd_m=A2FGELUUNOQJNL&pf_rd_p=9e00d0ab-4911-4b4c-b1a9-327ce2349814&pf_rd_r=Y5F44E2PPEEHCKM0Y63A&pf_rd_s=center-2&pf_rd_t=15506&pf_rd_i=topenglish&ref_=chttentp_tt_159
160,Ben-Hur ,1959,https://www.imdb.com/title/tt0052618/?pf_rd_m=A2FGELUUNOQJNL&pf_rd_p=9e00d0ab-4911-4b4c-b1a9-327ce2349814&pf_rd_r=Y5F44E2PPEEHCKM0Y63A&pf_rd_s=center-2&pf_rd_t=15506&pf_rd_i=topenglish&ref_=chttentp_tt_160
161,Mad Max: Fury Road ,2015,https://www.imdb.com/title/tt1392190/?pf_rd_m=A2FGELUUNOQJNL&pf_rd_p=9e00d0ab-4911-4b4c-b1a9-327ce2349814&pf_rd_r=Y5F44E2PPEEHCKM0Y63A&pf_rd_s=center-2&pf_rd_t=15506&pf_rd_i=topenglish&ref_=chttentp_tt_161
162,Stand by Me ,1986,https://www.imdb.com/title/tt0092005/?pf_rd_m=A2FGELUUNOQJNL&pf_rd_p=9e00d0ab-4911-4b4c-b1a9-327ce2349814&pf_rd_r=Y5F44E2PPEEHCKM0Y63A&pf_rd_s=center-2&pf_rd_t=15506&pf_rd_i=topenglish&ref_=chttentp_tt_162
163,Harry Potter and the Deathly Hallows: Part 2 ,2011,https://www.imdb.com/title/tt1201607/?pf_rd_m=A2FGELUUNOQJNL&pf_rd_p=9e00d0ab-4911-4b4c-b1a9-327ce2349814&pf_rd_r=Y5F44E2PPEEHCKM0Y63A&pf_rd_s=center-2&pf_rd_t=15506&pf_rd_i=topenglish&ref_=chttentp_tt_163
164,Dead Poets Society ,1989,https://www.imdb.com/title/tt0097165/?pf_rd_m=A2FGELUUNOQJNL&pf_rd_p=9e00d0ab-4911-4b4c-b1a9-327ce2349814&pf_rd_r=Y5F44E2PPEEHCKM0Y63A&pf_rd_s=center-2&pf_rd_t=15506&pf_rd_i=topenglish&ref_=chttentp_tt_164
165,Into the Wild ,2007,https://www.imdb.com/title/tt0758758/?pf_rd_m=A2FGELUUNOQJNL&pf_rd_p=9e00d0ab-4911-4b4c-b1a9-327ce2349814&pf_rd_r=Y5F44E2PPEEHCKM0Y63A&pf_rd_s=center-2&pf_rd_t=15506&pf_rd_i=topenglish&ref_=chttentp_tt_165
166,Logan ,2017,https://www.imdb.com/title/tt3315342/?pf_rd_m=A2FGELUUNOQJNL&pf_rd_p=9e00d0ab-4911-4b4c-b1a9-327ce2349814&pf_rd_r=Y5F44E2PPEEHCKM0Y63A&pf_rd_s=center-2&pf_rd_t=15506&pf_rd_i=topenglish&ref_=chttentp_tt_166
167,Million Dollar Baby ,2004,https://www.imdb.com/title/tt0405159/?pf_rd_m=A2FGELUUNOQJNL&pf_rd_p=9e00d0ab-4911-4b4c-b1a9-327ce2349814&pf_rd_r=Y5F44E2PPEEHCKM0Y63A&pf_rd_s=center-2&pf_rd_t=15506&pf_rd_i=topenglish&ref_=chttentp_tt_167
168,Rush ,2013,https://www.imdb.com/title/tt1979320/?pf_rd_m=A2FGELUUNOQJNL&pf_rd_p=9e00d0ab-4911-4b4c-b1a9-327ce2349814&pf_rd_r=Y5F44E2PPEEHCKM0Y63A&pf_rd_s=center-2&pf_rd_t=15506&pf_rd_i=topenglish&ref_=chttentp_tt_168
169,Song of the Sea ,2014,https://www.imdb.com/title/tt1865505/?pf_rd_m=A2FGELUUNOQJNL&pf_rd_p=9e00d0ab-4911-4b4c-b1a9-327ce2349814&pf_rd_r=Y5F44E2PPEEHCKM0Y63A&pf_rd_s=center-2&pf_rd_t=15506&pf_rd_i=topenglish&ref_=chttentp_tt_169
170,The Legend of 1900 ,1998,https://www.imdb.com/title/tt0120731/?pf_rd_m=A2FGELUUNOQJNL&pf_rd_p=9e00d0ab-4911-4b4c-b1a9-327ce2349814&pf_rd_r=Y5F44E2PPEEHCKM0Y63A&pf_rd_s=center-2&pf_rd_t=15506&pf_rd_i=topenglish&ref_=chttentp_tt_170
171,Monty Python's Life of Brian ,1979,https://www.imdb.com/title/tt0079470/?pf_rd_m=A2FGELUUNOQJNL&pf_rd_p=9e00d0ab-4911-4b4c-b1a9-327ce2349814&pf_rd_r=Y5F44E2PPEEHCKM0Y63A&pf_rd_s=center-2&pf_rd_t=15506&pf_rd_i=topenglish&ref_=chttentp_tt_171
172,Platoon ,1986,https://www.imdb.com/title/tt0091763/?pf_rd_m=A2FGELUUNOQJNL&pf_rd_p=9e00d0ab-4911-4b4c-b1a9-327ce2349814&pf_rd_r=Y5F44E2PPEEHCKM0Y63A&pf_rd_s=center-2&pf_rd_t=15506&pf_rd_i=topenglish&ref_=chttentp_tt_172
173,Rebecca ,1940,https://www.imdb.com/title/tt0032976/?pf_rd_m=A2FGELUUNOQJNL&pf_rd_p=9e00d0ab-4911-4b4c-b1a9-327ce2349814&pf_rd_r=Y5F44E2PPEEHCKM0Y63A&pf_rd_s=center-2&pf_rd_t=15506&pf_rd_i=topenglish&ref_=chttentp_tt_173
174,Sunrise ,1927,https://www.imdb.com/title/tt0018455/?pf_rd_m=A2FGELUUNOQJNL&pf_rd_p=9e00d0ab-4911-4b4c-b1a9-327ce2349814&pf_rd_r=Y5F44E2PPEEHCKM0Y63A&pf_rd_s=center-2&pf_rd_t=15506&pf_rd_i=topenglish&ref_=chttentp_tt_174
175,Hotel Rwanda ,2004,https://www.imdb.com/title/tt0395169/?pf_rd_m=A2FGELUUNOQJNL&pf_rd_p=9e00d0ab-4911-4b4c-b1a9-327ce2349814&pf_rd_r=Y5F44E2PPEEHCKM0Y63A&pf_rd_s=center-2&pf_rd_t=15506&pf_rd_i=topenglish&ref_=chttentp_tt_175
176,The Man Who Shot Liberty Valance ,1962,https://www.imdb.com/title/tt0056217/?pf_rd_m=A2FGELUUNOQJNL&pf_rd_p=9e00d0ab-4911-4b4c-b1a9-327ce2349814&pf_rd_r=Y5F44E2PPEEHCKM0Y63A&pf_rd_s=center-2&pf_rd_t=15506&pf_rd_i=topenglish&ref_=chttentp_tt_176
177,"Paris, Texas ",1984,https://www.imdb.com/title/tt0087884/?pf_rd_m=A2FGELUUNOQJNL&pf_rd_p=9e00d0ab-4911-4b4c-b1a9-327ce2349814&pf_rd_r=Y5F44E2PPEEHCKM0Y63A&pf_rd_s=center-2&pf_rd_t=15506&pf_rd_i=topenglish&ref_=chttentp_tt_177
178,Spotlight ,2015,https://www.imdb.com/title/tt1895587/?pf_rd_m=A2FGELUUNOQJNL&pf_rd_p=9e00d0ab-4911-4b4c-b1a9-327ce2349814&pf_rd_r=Y5F44E2PPEEHCKM0Y63A&pf_rd_s=center-2&pf_rd_t=15506&pf_rd_i=topenglish&ref_=chttentp_tt_178
179,It Happened One Night ,1934,https://www.imdb.com/title/tt0025316/?pf_rd_m=A2FGELUUNOQJNL&pf_rd_p=9e00d0ab-4911-4b4c-b1a9-327ce2349814&pf_rd_r=Y5F44E2PPEEHCKM0Y63A&pf_rd_s=center-2&pf_rd_t=15506&pf_rd_i=topenglish&ref_=chttentp_tt_179
180,Rocky ,1976,https://www.imdb.com/title/tt0075148/?pf_rd_m=A2FGELUUNOQJNL&pf_rd_p=9e00d0ab-4911-4b4c-b1a9-327ce2349814&pf_rd_r=Y5F44E2PPEEHCKM0Y63A&pf_rd_s=center-2&pf_rd_t=15506&pf_rd_i=topenglish&ref_=chttentp_tt_180
181,The Shop Around the Corner ,1940,https://www.imdb.com/title/tt0033045/?pf_rd_m=A2FGELUUNOQJNL&pf_rd_p=9e00d0ab-4911-4b4c-b1a9-327ce2349814&pf_rd_r=Y5F44E2PPEEHCKM0Y63A&pf_rd_s=center-2&pf_rd_t=15506&pf_rd_i=topenglish&ref_=chttentp_tt_181
182,What Ever Happened to Baby Jane? ,1962,https://www.imdb.com/title/tt0056687/?pf_rd_m=A2FGELUUNOQJNL&pf_rd_p=9e00d0ab-4911-4b4c-b1a9-327ce2349814&pf_rd_r=Y5F44E2PPEEHCKM0Y63A&pf_rd_s=center-2&pf_rd_t=15506&pf_rd_i=topenglish&ref_=chttentp_tt_182
183,"Monsters, Inc. ",2001,https://www.imdb.com/title/tt0198781/?pf_rd_m=A2FGELUUNOQJNL&pf_rd_p=9e00d0ab-4911-4b4c-b1a9-327ce2349814&pf_rd_r=Y5F44E2PPEEHCKM0Y63A&pf_rd_s=center-2&pf_rd_t=15506&pf_rd_i=topenglish&ref_=chttentp_tt_183
184,Before Sunset ,2004,https://www.imdb.com/title/tt0381681/?pf_rd_m=A2FGELUUNOQJNL&pf_rd_p=9e00d0ab-4911-4b4c-b1a9-327ce2349814&pf_rd_r=Y5F44E2PPEEHCKM0Y63A&pf_rd_s=center-2&pf_rd_t=15506&pf_rd_i=topenglish&ref_=chttentp_tt_184
185,Paper Moon ,1973,https://www.imdb.com/title/tt0070510/?pf_rd_m=A2FGELUUNOQJNL&pf_rd_p=9e00d0ab-4911-4b4c-b1a9-327ce2349814&pf_rd_r=Y5F44E2PPEEHCKM0Y63A&pf_rd_s=center-2&pf_rd_t=15506&pf_rd_i=topenglish&ref_=chttentp_tt_185
186,The Princess Bride ,1987,https://www.imdb.com/title/tt0093779/?pf_rd_m=A2FGELUUNOQJNL&pf_rd_p=9e00d0ab-4911-4b4c-b1a9-327ce2349814&pf_rd_r=Y5F44E2PPEEHCKM0Y63A&pf_rd_s=center-2&pf_rd_t=15506&pf_rd_i=topenglish&ref_=chttentp_tt_186
187,The Help ,2011,https://www.imdb.com/title/tt1454029/?pf_rd_m=A2FGELUUNOQJNL&pf_rd_p=9e00d0ab-4911-4b4c-b1a9-327ce2349814&pf_rd_r=Y5F44E2PPEEHCKM0Y63A&pf_rd_s=center-2&pf_rd_t=15506&pf_rd_i=topenglish&ref_=chttentp_tt_187
188,Pink Floyd: The Wall ,1982,https://www.imdb.com/title/tt0084503/?pf_rd_m=A2FGELUUNOQJNL&pf_rd_p=9e00d0ab-4911-4b4c-b1a9-327ce2349814&pf_rd_r=Y5F44E2PPEEHCKM0Y63A&pf_rd_s=center-2&pf_rd_t=15506&pf_rd_i=topenglish&ref_=chttentp_tt_188
189,Sweet Smell of Success ,1957,https://www.imdb.com/title/tt0051036/?pf_rd_m=A2FGELUUNOQJNL&pf_rd_p=9e00d0ab-4911-4b4c-b1a9-327ce2349814&pf_rd_r=Y5F44E2PPEEHCKM0Y63A&pf_rd_s=center-2&pf_rd_t=15506&pf_rd_i=topenglish&ref_=chttentp_tt_189
190,The Grapes of Wrath ,1940,https://www.imdb.com/title/tt0032551/?pf_rd_m=A2FGELUUNOQJNL&pf_rd_p=9e00d0ab-4911-4b4c-b1a9-327ce2349814&pf_rd_r=Y5F44E2PPEEHCKM0Y63A&pf_rd_s=center-2&pf_rd_t=15506&pf_rd_i=topenglish&ref_=chttentp_tt_190
191,Lion ,2016,https://www.imdb.com/title/tt3741834/?pf_rd_m=A2FGELUUNOQJNL&pf_rd_p=9e00d0ab-4911-4b4c-b1a9-327ce2349814&pf_rd_r=Y5F44E2PPEEHCKM0Y63A&pf_rd_s=center-2&pf_rd_t=15506&pf_rd_i=topenglish&ref_=chttentp_tt_191
192,Butch Cassidy and the Sundance Kid ,1969,https://www.imdb.com/title/tt0064115/?pf_rd_m=A2FGELUUNOQJNL&pf_rd_p=9e00d0ab-4911-4b4c-b1a9-327ce2349814&pf_rd_r=Y5F44E2PPEEHCKM0Y63A&pf_rd_s=center-2&pf_rd_t=15506&pf_rd_i=topenglish&ref_=chttentp_tt_192
193,Gandhi ,1982,https://www.imdb.com/title/tt0083987/?pf_rd_m=A2FGELUUNOQJNL&pf_rd_p=9e00d0ab-4911-4b4c-b1a9-327ce2349814&pf_rd_r=Y5F44E2PPEEHCKM0Y63A&pf_rd_s=center-2&pf_rd_t=15506&pf_rd_i=topenglish&ref_=chttentp_tt_193
194,Aladdin ,1992,https://www.imdb.com/title/tt0103639/?pf_rd_m=A2FGELUUNOQJNL&pf_rd_p=9e00d0ab-4911-4b4c-b1a9-327ce2349814&pf_rd_r=Y5F44E2PPEEHCKM0Y63A&pf_rd_s=center-2&pf_rd_t=15506&pf_rd_i=topenglish&ref_=chttentp_tt_194
195,Guardians of the Galaxy ,2014,https://www.imdb.com/title/tt2015381/?pf_rd_m=A2FGELUUNOQJNL&pf_rd_p=9e00d0ab-4911-4b4c-b1a9-327ce2349814&pf_rd_r=Y5F44E2PPEEHCKM0Y63A&pf_rd_s=center-2&pf_rd_t=15506&pf_rd_i=topenglish&ref_=chttentp_tt_195
196,All Quiet on the Western Front ,1930,https://www.imdb.com/title/tt0020629/?pf_rd_m=A2FGELUUNOQJNL&pf_rd_p=9e00d0ab-4911-4b4c-b1a9-327ce2349814&pf_rd_r=Y5F44E2PPEEHCKM0Y63A&pf_rd_s=center-2&pf_rd_t=15506&pf_rd_i=topenglish&ref_=chttentp_tt_196
197,Scent of a Woman ,1992,https://www.imdb.com/title/tt0105323/?pf_rd_m=A2FGELUUNOQJNL&pf_rd_p=9e00d0ab-4911-4b4c-b1a9-327ce2349814&pf_rd_r=Y5F44E2PPEEHCKM0Y63A&pf_rd_s=center-2&pf_rd_t=15506&pf_rd_i=topenglish&ref_=chttentp_tt_197
198,Roman Holiday ,1953,https://www.imdb.com/title/tt0046250/?pf_rd_m=A2FGELUUNOQJNL&pf_rd_p=9e00d0ab-4911-4b4c-b1a9-327ce2349814&pf_rd_r=Y5F44E2PPEEHCKM0Y63A&pf_rd_s=center-2&pf_rd_t=15506&pf_rd_i=topenglish&ref_=chttentp_tt_198
199,The Terminator ,1984,https://www.imdb.com/title/tt0088247/?pf_rd_m=A2FGELUUNOQJNL&pf_rd_p=9e00d0ab-4911-4b4c-b1a9-327ce2349814&pf_rd_r=Y5F44E2PPEEHCKM0Y63A&pf_rd_s=center-2&pf_rd_t=15506&pf_rd_i=topenglish&ref_=chttentp_tt_199
200,Dogville ,2003,https://www.imdb.com/title/tt0276919/?pf_rd_m=A2FGELUUNOQJNL&pf_rd_p=9e00d0ab-4911-4b4c-b1a9-327ce2349814&pf_rd_r=Y5F44E2PPEEHCKM0Y63A&pf_rd_s=center-2&pf_rd_t=15506&pf_rd_i=topenglish&ref_=chttentp_tt_200
201,Pirates of the Caribbean: The Curse of the Black Pearl ,2003,https://www.imdb.com/title/tt0325980/?pf_rd_m=A2FGELUUNOQJNL&pf_rd_p=9e00d0ab-4911-4b4c-b1a9-327ce2349814&pf_rd_r=Y5F44E2PPEEHCKM0Y63A&pf_rd_s=center-2&pf_rd_t=15506&pf_rd_i=topenglish&ref_=chttentp_tt_201
202,Papillon ,1973,https://www.imdb.com/title/tt0070511/?pf_rd_m=A2FGELUUNOQJNL&pf_rd_p=9e00d0ab-4911-4b4c-b1a9-327ce2349814&pf_rd_r=Y5F44E2PPEEHCKM0Y63A&pf_rd_s=center-2&pf_rd_t=15506&pf_rd_i=topenglish&ref_=chttentp_tt_202
203,The Exorcist ,1973,https://www.imdb.com/title/tt0070047/?pf_rd_m=A2FGELUUNOQJNL&pf_rd_p=9e00d0ab-4911-4b4c-b1a9-327ce2349814&pf_rd_r=Y5F44E2PPEEHCKM0Y63A&pf_rd_s=center-2&pf_rd_t=15506&pf_rd_i=topenglish&ref_=chttentp_tt_203
204,The Best Years of Our Lives ,1946,https://www.imdb.com/title/tt0036868/?pf_rd_m=A2FGELUUNOQJNL&pf_rd_p=9e00d0ab-4911-4b4c-b1a9-327ce2349814&pf_rd_r=Y5F44E2PPEEHCKM0Y63A&pf_rd_s=center-2&pf_rd_t=15506&pf_rd_i=topenglish&ref_=chttentp_tt_204
205,The Iron Giant ,1999,https://www.imdb.com/title/tt0129167/?pf_rd_m=A2FGELUUNOQJNL&pf_rd_p=9e00d0ab-4911-4b4c-b1a9-327ce2349814&pf_rd_r=Y5F44E2PPEEHCKM0Y63A&pf_rd_s=center-2&pf_rd_t=15506&pf_rd_i=topenglish&ref_=chttentp_tt_205
206,Beauty and the Beast ,1991,https://www.imdb.com/title/tt0101414/?pf_rd_m=A2FGELUUNOQJNL&pf_rd_p=9e00d0ab-4911-4b4c-b1a9-327ce2349814&pf_rd_r=Y5F44E2PPEEHCKM0Y63A&pf_rd_s=center-2&pf_rd_t=15506&pf_rd_i=topenglish&ref_=chttentp_tt_206
207,Groundhog Day ,1993,https://www.imdb.com/title/tt0107048/?pf_rd_m=A2FGELUUNOQJNL&pf_rd_p=9e00d0ab-4911-4b4c-b1a9-327ce2349814&pf_rd_r=Y5F44E2PPEEHCKM0Y63A&pf_rd_s=center-2&pf_rd_t=15506&pf_rd_i=topenglish&ref_=chttentp_tt_207
208,Dog Day Afternoon ,1975,https://www.imdb.com/title/tt0072890/?pf_rd_m=A2FGELUUNOQJNL&pf_rd_p=9e00d0ab-4911-4b4c-b1a9-327ce2349814&pf_rd_r=Y5F44E2PPEEHCKM0Y63A&pf_rd_s=center-2&pf_rd_t=15506&pf_rd_i=topenglish&ref_=chttentp_tt_208
209,The Imitation Game ,2014,https://www.imdb.com/title/tt2084970/?pf_rd_m=A2FGELUUNOQJNL&pf_rd_p=9e00d0ab-4911-4b4c-b1a9-327ce2349814&pf_rd_r=Y5F44E2PPEEHCKM0Y63A&pf_rd_s=center-2&pf_rd_t=15506&pf_rd_i=topenglish&ref_=chttentp_tt_209
210,Donnie Darko ,2001,https://www.imdb.com/title/tt0246578/?pf_rd_m=A2FGELUUNOQJNL&pf_rd_p=9e00d0ab-4911-4b4c-b1a9-327ce2349814&pf_rd_r=Y5F44E2PPEEHCKM0Y63A&pf_rd_s=center-2&pf_rd_t=15506&pf_rd_i=topenglish&ref_=chttentp_tt_210
211,Brief Encounter ,1945,https://www.imdb.com/title/tt0037558/?pf_rd_m=A2FGELUUNOQJNL&pf_rd_p=9e00d0ab-4911-4b4c-b1a9-327ce2349814&pf_rd_r=Y5F44E2PPEEHCKM0Y63A&pf_rd_s=center-2&pf_rd_t=15506&pf_rd_i=topenglish&ref_=chttentp_tt_211
212,The Sound of Music ,1965,https://www.imdb.com/title/tt0059742/?pf_rd_m=A2FGELUUNOQJNL&pf_rd_p=9e00d0ab-4911-4b4c-b1a9-327ce2349814&pf_rd_r=Y5F44E2PPEEHCKM0Y63A&pf_rd_s=center-2&pf_rd_t=15506&pf_rd_i=topenglish&ref_=chttentp_tt_212
213,Anatomy of a Murder ,1959,https://www.imdb.com/title/tt0052561/?pf_rd_m=A2FGELUUNOQJNL&pf_rd_p=9e00d0ab-4911-4b4c-b1a9-327ce2349814&pf_rd_r=Y5F44E2PPEEHCKM0Y63A&pf_rd_s=center-2&pf_rd_t=15506&pf_rd_i=topenglish&ref_=chttentp_tt_213
214,Jaws ,1975,https://www.imdb.com/title/tt0073195/?pf_rd_m=A2FGELUUNOQJNL&pf_rd_p=9e00d0ab-4911-4b4c-b1a9-327ce2349814&pf_rd_r=Y5F44E2PPEEHCKM0Y63A&pf_rd_s=center-2&pf_rd_t=15506&pf_rd_i=topenglish&ref_=chttentp_tt_214
215,The Wizard of Oz ,1939,https://www.imdb.com/title/tt0032138/?pf_rd_m=A2FGELUUNOQJNL&pf_rd_p=9e00d0ab-4911-4b4c-b1a9-327ce2349814&pf_rd_r=Y5F44E2PPEEHCKM0Y63A&pf_rd_s=center-2&pf_rd_t=15506&pf_rd_i=topenglish&ref_=chttentp_tt_215
216,JFK ,1991,https://www.imdb.com/title/tt0102138/?pf_rd_m=A2FGELUUNOQJNL&pf_rd_p=9e00d0ab-4911-4b4c-b1a9-327ce2349814&pf_rd_r=Y5F44E2PPEEHCKM0Y63A&pf_rd_s=center-2&pf_rd_t=15506&pf_rd_i=topenglish&ref_=chttentp_tt_216
217,Young Frankenstein ,1974,https://www.imdb.com/title/tt0072431/?pf_rd_m=A2FGELUUNOQJNL&pf_rd_p=9e00d0ab-4911-4b4c-b1a9-327ce2349814&pf_rd_r=Y5F44E2PPEEHCKM0Y63A&pf_rd_s=center-2&pf_rd_t=15506&pf_rd_i=topenglish&ref_=chttentp_tt_217
218,The Bourne Ultimatum ,2007,https://www.imdb.com/title/tt0440963/?pf_rd_m=A2FGELUUNOQJNL&pf_rd_p=9e00d0ab-4911-4b4c-b1a9-327ce2349814&pf_rd_r=Y5F44E2PPEEHCKM0Y63A&pf_rd_s=center-2&pf_rd_t=15506&pf_rd_i=topenglish&ref_=chttentp_tt_218
219,Zootopia ,2016,https://www.imdb.com/title/tt2948356/?pf_rd_m=A2FGELUUNOQJNL&pf_rd_p=9e00d0ab-4911-4b4c-b1a9-327ce2349814&pf_rd_r=Y5F44E2PPEEHCKM0Y63A&pf_rd_s=center-2&pf_rd_t=15506&pf_rd_i=topenglish&ref_=chttentp_tt_219
220,Dances with Wolves ,1990,https://www.imdb.com/title/tt0099348/?pf_rd_m=A2FGELUUNOQJNL&pf_rd_p=9e00d0ab-4911-4b4c-b1a9-327ce2349814&pf_rd_r=Y5F44E2PPEEHCKM0Y63A&pf_rd_s=center-2&pf_rd_t=15506&pf_rd_i=topenglish&ref_=chttentp_tt_220
221,Rain Man ,1988,https://www.imdb.com/title/tt0095953/?pf_rd_m=A2FGELUUNOQJNL&pf_rd_p=9e00d0ab-4911-4b4c-b1a9-327ce2349814&pf_rd_r=Y5F44E2PPEEHCKM0Y63A&pf_rd_s=center-2&pf_rd_t=15506&pf_rd_i=topenglish&ref_=chttentp_tt_221
222,The Avengers ,2012,https://www.imdb.com/title/tt0848228/?pf_rd_m=A2FGELUUNOQJNL&pf_rd_p=9e00d0ab-4911-4b4c-b1a9-327ce2349814&pf_rd_r=Y5F44E2PPEEHCKM0Y63A&pf_rd_s=center-2&pf_rd_t=15506&pf_rd_i=topenglish&ref_=chttentp_tt_222
223,The Incredibles ,2004,https://www.imdb.com/title/tt0317705/?pf_rd_m=A2FGELUUNOQJNL&pf_rd_p=9e00d0ab-4911-4b4c-b1a9-327ce2349814&pf_rd_r=Y5F44E2PPEEHCKM0Y63A&pf_rd_s=center-2&pf_rd_t=15506&pf_rd_i=topenglish&ref_=chttentp_tt_223
224,12 Monkeys ,1995,https://www.imdb.com/title/tt0114746/?pf_rd_m=A2FGELUUNOQJNL&pf_rd_p=9e00d0ab-4911-4b4c-b1a9-327ce2349814&pf_rd_r=Y5F44E2PPEEHCKM0Y63A&pf_rd_s=center-2&pf_rd_t=15506&pf_rd_i=topenglish&ref_=chttentp_tt_224
225,Magnolia ,1999,https://www.imdb.com/title/tt0175880/?pf_rd_m=A2FGELUUNOQJNL&pf_rd_p=9e00d0ab-4911-4b4c-b1a9-327ce2349814&pf_rd_r=Y5F44E2PPEEHCKM0Y63A&pf_rd_s=center-2&pf_rd_t=15506&pf_rd_i=topenglish&ref_=chttentp_tt_225
226,La La Land ,2016,https://www.imdb.com/title/tt3783958/?pf_rd_m=A2FGELUUNOQJNL&pf_rd_p=9e00d0ab-4911-4b4c-b1a9-327ce2349814&pf_rd_r=Y5F44E2PPEEHCKM0Y63A&pf_rd_s=center-2&pf_rd_t=15506&pf_rd_i=topenglish&ref_=chttentp_tt_226
227,Kind Hearts and Coronets ,1949,https://www.imdb.com/title/tt0041546/?pf_rd_m=A2FGELUUNOQJNL&pf_rd_p=9e00d0ab-4911-4b4c-b1a9-327ce2349814&pf_rd_r=Y5F44E2PPEEHCKM0Y63A&pf_rd_s=center-2&pf_rd_t=15506&pf_rd_i=topenglish&ref_=chttentp_tt_227
228,The Night of the Hunter ,1955,https://www.imdb.com/title/tt0048424/?pf_rd_m=A2FGELUUNOQJNL&pf_rd_p=9e00d0ab-4911-4b4c-b1a9-327ce2349814&pf_rd_r=Y5F44E2PPEEHCKM0Y63A&pf_rd_s=center-2&pf_rd_t=15506&pf_rd_i=topenglish&ref_=chttentp_tt_228
229,Rosemary's Baby ,1968,https://www.imdb.com/title/tt0063522/?pf_rd_m=A2FGELUUNOQJNL&pf_rd_p=9e00d0ab-4911-4b4c-b1a9-327ce2349814&pf_rd_r=Y5F44E2PPEEHCKM0Y63A&pf_rd_s=center-2&pf_rd_t=15506&pf_rd_i=topenglish&ref_=chttentp_tt_229
230,Ratatouille ,2007,https://www.imdb.com/title/tt0382932/?pf_rd_m=A2FGELUUNOQJNL&pf_rd_p=9e00d0ab-4911-4b4c-b1a9-327ce2349814&pf_rd_r=Y5F44E2PPEEHCKM0Y63A&pf_rd_s=center-2&pf_rd_t=15506&pf_rd_i=topenglish&ref_=chttentp_tt_230
231,Out of the Past ,1947,https://www.imdb.com/title/tt0039689/?pf_rd_m=A2FGELUUNOQJNL&pf_rd_p=9e00d0ab-4911-4b4c-b1a9-327ce2349814&pf_rd_r=Y5F44E2PPEEHCKM0Y63A&pf_rd_s=center-2&pf_rd_t=15506&pf_rd_i=topenglish&ref_=chttentp_tt_231
232,Kill Bill: Vol. 2 ,2004,https://www.imdb.com/title/tt0378194/?pf_rd_m=A2FGELUUNOQJNL&pf_rd_p=9e00d0ab-4911-4b4c-b1a9-327ce2349814&pf_rd_r=Y5F44E2PPEEHCKM0Y63A&pf_rd_s=center-2&pf_rd_t=15506&pf_rd_i=topenglish&ref_=chttentp_tt_232
233,Who's Afraid of Virginia Woolf? ,1966,https://www.imdb.com/title/tt0061184/?pf_rd_m=A2FGELUUNOQJNL&pf_rd_p=9e00d0ab-4911-4b4c-b1a9-327ce2349814&pf_rd_r=Y5F44E2PPEEHCKM0Y63A&pf_rd_s=center-2&pf_rd_t=15506&pf_rd_i=topenglish&ref_=chttentp_tt_233
234,Blood Diamond ,2006,https://www.imdb.com/title/tt0450259/?pf_rd_m=A2FGELUUNOQJNL&pf_rd_p=9e00d0ab-4911-4b4c-b1a9-327ce2349814&pf_rd_r=Y5F44E2PPEEHCKM0Y63A&pf_rd_s=center-2&pf_rd_t=15506&pf_rd_i=topenglish&ref_=chttentp_tt_234
235,Blade Runner 2049 ,2017,https://www.imdb.com/title/tt1856101/?pf_rd_m=A2FGELUUNOQJNL&pf_rd_p=9e00d0ab-4911-4b4c-b1a9-327ce2349814&pf_rd_r=Y5F44E2PPEEHCKM0Y63A&pf_rd_s=center-2&pf_rd_t=15506&pf_rd_i=topenglish&ref_=chttentp_tt_235
236,Her ,2013,https://www.imdb.com/title/tt1798709/?pf_rd_m=A2FGELUUNOQJNL&pf_rd_p=9e00d0ab-4911-4b4c-b1a9-327ce2349814&pf_rd_r=Y5F44E2PPEEHCKM0Y63A&pf_rd_s=center-2&pf_rd_t=15506&pf_rd_i=topenglish&ref_=chttentp_tt_236
237,The Martian ,2015,https://www.imdb.com/title/tt3659388/?pf_rd_m=A2FGELUUNOQJNL&pf_rd_p=9e00d0ab-4911-4b4c-b1a9-327ce2349814&pf_rd_r=Y5F44E2PPEEHCKM0Y63A&pf_rd_s=center-2&pf_rd_t=15506&pf_rd_i=topenglish&ref_=chttentp_tt_237
238,Rio Bravo ,1959,https://www.imdb.com/title/tt0053221/?pf_rd_m=A2FGELUUNOQJNL&pf_rd_p=9e00d0ab-4911-4b4c-b1a9-327ce2349814&pf_rd_r=Y5F44E2PPEEHCKM0Y63A&pf_rd_s=center-2&pf_rd_t=15506&pf_rd_i=topenglish&ref_=chttentp_tt_238
239,The Pursuit of Happyness ,2006,https://www.imdb.com/title/tt0454921/?pf_rd_m=A2FGELUUNOQJNL&pf_rd_p=9e00d0ab-4911-4b4c-b1a9-327ce2349814&pf_rd_r=Y5F44E2PPEEHCKM0Y63A&pf_rd_s=center-2&pf_rd_t=15506&pf_rd_i=topenglish&ref_=chttentp_tt_239
240,The King's Speech ,2010,https://www.imdb.com/title/tt1504320/?pf_rd_m=A2FGELUUNOQJNL&pf_rd_p=9e00d0ab-4911-4b4c-b1a9-327ce2349814&pf_rd_r=Y5F44E2PPEEHCKM0Y63A&pf_rd_s=center-2&pf_rd_t=15506&pf_rd_i=topenglish&ref_=chttentp_tt_240
241,Cat on a Hot Tin Roof ,1958,https://www.imdb.com/title/tt0051459/?pf_rd_m=A2FGELUUNOQJNL&pf_rd_p=9e00d0ab-4911-4b4c-b1a9-327ce2349814&pf_rd_r=Y5F44E2PPEEHCKM0Y63A&pf_rd_s=center-2&pf_rd_t=15506&pf_rd_i=topenglish&ref_=chttentp_tt_241
242,Togo ,2019,https://www.imdb.com/title/tt5116302/?pf_rd_m=A2FGELUUNOQJNL&pf_rd_p=9e00d0ab-4911-4b4c-b1a9-327ce2349814&pf_rd_r=Y5F44E2PPEEHCKM0Y63A&pf_rd_s=center-2&pf_rd_t=15506&pf_rd_i=topenglish&ref_=chttentp_tt_242
243,The Last Picture Show ,1971,https://www.imdb.com/title/tt0067328/?pf_rd_m=A2FGELUUNOQJNL&pf_rd_p=9e00d0ab-4911-4b4c-b1a9-327ce2349814&pf_rd_r=Y5F44E2PPEEHCKM0Y63A&pf_rd_s=center-2&pf_rd_t=15506&pf_rd_i=topenglish&ref_=chttentp_tt_243
244,Fiddler on the Roof ,1971,https://www.imdb.com/title/tt0067093/?pf_rd_m=A2FGELUUNOQJNL&pf_rd_p=9e00d0ab-4911-4b4c-b1a9-327ce2349814&pf_rd_r=Y5F44E2PPEEHCKM0Y63A&pf_rd_s=center-2&pf_rd_t=15506&pf_rd_i=topenglish&ref_=chttentp_tt_244
245,The Nightmare Before Christmas ,1993,https://www.imdb.com/title/tt0107688/?pf_rd_m=A2FGELUUNOQJNL&pf_rd_p=9e00d0ab-4911-4b4c-b1a9-327ce2349814&pf_rd_r=Y5F44E2PPEEHCKM0Y63A&pf_rd_s=center-2&pf_rd_t=15506&pf_rd_i=topenglish&ref_=chttentp_tt_245
246,Rope ,1948,https://www.imdb.com/title/tt0040746/?pf_rd_m=A2FGELUUNOQJNL&pf_rd_p=9e00d0ab-4911-4b4c-b1a9-327ce2349814&pf_rd_r=Y5F44E2PPEEHCKM0Y63A&pf_rd_s=center-2&pf_rd_t=15506&pf_rd_i=topenglish&ref_=chttentp_tt_246
247,Sling Blade ,1996,https://www.imdb.com/title/tt0117666/?pf_rd_m=A2FGELUUNOQJNL&pf_rd_p=9e00d0ab-4911-4b4c-b1a9-327ce2349814&pf_rd_r=Y5F44E2PPEEHCKM0Y63A&pf_rd_s=center-2&pf_rd_t=15506&pf_rd_i=topenglish&ref_=chttentp_tt_247
248,Annie Hall ,1977,https://www.imdb.com/title/tt0075686/?pf_rd_m=A2FGELUUNOQJNL&pf_rd_p=9e00d0ab-4911-4b4c-b1a9-327ce2349814&pf_rd_r=Y5F44E2PPEEHCKM0Y63A&pf_rd_s=center-2&pf_rd_t=15506&pf_rd_i=topenglish&ref_=chttentp_tt_248
249,Touch of Evil ,1958,https://www.imdb.com/title/tt0052311/?pf_rd_m=A2FGELUUNOQJNL&pf_rd_p=9e00d0ab-4911-4b4c-b1a9-327ce2349814&pf_rd_r=Y5F44E2PPEEHCKM0Y63A&pf_rd_s=center-2&pf_rd_t=15506&pf_rd_i=topenglish&ref_=chttentp_tt_249
250,In a Lonely Place ,1950,https://www.imdb.com/title/tt0042593/?pf_rd_m=A2FGELUUNOQJNL&pf_rd_p=9e00d0ab-4911-4b4c-b1a9-327ce2349814&pf_rd_r=Y5F44E2PPEEHCKM0Y63A&pf_rd_s=center-2&pf_rd_t=15506&pf_rd_i=topenglish&ref_=chttentp_tt_250
